Cartridge,Bullet_Weight,B.C,Range,Velocity,Energy,ComeUp,ComeUpMOA,ComeUpMrads,SpinDrift,SpinDriftMOA,SpinDriftMrads,WindDrift,WindDriftMOA,WindDriftMrads,TimeOfFlight,VerticalWindJump,VerticalWindJumpMOA,VerticalWindJumpMrads,TotalComeUp,TotalComeUpMOA,TotalComeUpMrads,TotalWindDrift,TotalWindDriftMOA,TotalWindDriftMrads
7mm PRC ELD-X,175,0.689,0,3000,3496.6062,-1.5,0,0,0,0,0,0,0,0,0,-0.000666261,0,0,0,0,0,-0.04845,0,0
7mm PRC ELD-X,175,0.689,100.00001,2858.6016,3174.7644,0,0,0,-0.090645395,-0.08656635,-0.025179276,0.43113422,0.41173315,0.1197595,0.10244969,0.7942389,0.75849813,0.22062191,0,0,0,0.43113422,0.41173315,0.1197595
7mm PRC ELD-X,175,0.689,200,2722.0835,2878.7712,-2.747635,-1.3119956,-0.38161594,-0.37733746,-0.18017863,-0.05240798,1.7595513,0.84018576,0.24438213,0.20999765,1.5884342,0.75847733,0.22061586,0,0,0,1.6708027,0.7978083,0.23205593
7mm PRC ELD-X,175,0.689,300,2589.6243,2605.4202,-10.183945,-3.2418892,-0.94295794,-0.8840368,-0.28141838,-0.08185526,4.0470195,1.2883011,0.374724,0.32299477,2.3825216,0.758436,0.22060385,0,0,0,3.7180781,1.183588,0.34426647
7mm PRC ELD-X,175,0.689,400.00003,2461.1587,2353.3337,-22.796707,-5.442716,-1.5831053,-1.6366892,-0.39075953,-0.113658965,7.3619165,1.7576573,0.5112441,0.44182935,3.1765137,0.7583926,0.22059122,0,0,0,6.6255827,1.5818576,0.46010983
7mm PRC ELD-X,175,0.689,500,2336.3135,2120.6377,-41.141674,-7.858067,-2.2856507,-2.6639464,-0.50881374,-0.14799702,11.78143,2.2502527,0.6545238,0.5669398,3.9703789,0.7583424,0.22057661,0,0,0,10.452555,1.9964372,0.5806973
7mm PRC ELD-X,175,0.689,600,2215.146,1906.3778,-65.846985,-10.48066,-3.048476,-3.9968429,-0.6361642,-0.18503903,17.391802,2.7681944,0.80517584,0.69881564,4.764122,0.7582894,0.2205612,0,0,0,15.264944,2.4296691,0.7067101
7mm PRC ELD-X,175,0.689,700,2097.5706,1709.3751,-97.62802,-13.319285,-3.8741376,-5.671145,-0.7737062,-0.22504543,24.287716,3.3135374,0.963798,0.8379952,5.5575867,0.7582136,0.22053915,0,0,0,21.13433,2.8833244,0.83866334
7mm PRC ELD-X,175,0.689,800,1983.63,1528.7117,-137.29727,-16.389925,-4.767285,-7.727501,-0.9224703,-0.26831597,32.574097,3.8885314,1.1310446,0.9850736,6.350876,0.7581358,0.22051652,0,0,0,28.139395,3.3591368,0.97706133
7mm PRC ELD-X,175,0.689,900,1873.6077,1363.8342,-185.78882,-19.714365,-5.734254,-10.213148,-1.0837284,-0.3152206,42.365524,4.49545,1.3075771,1.1407015,7.1441193,0.75807035,0.22049749,0,0,0,36.364548,3.858676,1.1223607
7mm PRC ELD-X,175,0.689,1000,1767.8849,1214.2615,-244.16539,-23.317974,-6.7824244,-13.177007,-1.2584041,-0.36602798,53.781277,5.136109,1.4939234,1.3055562,7.9368286,0.7579672,0.22046748,0,0,0,45.894733,4.3829384,1.2748511
7mm PRC ELD-M,180,0.796,0,2975,3536.8174,-1.5,0,0,0,0,0,0,0,0,0,-0.000689745,0,0,0,0,0,-0.04845,0,0
7mm PRC ELD-M,180,0.796,100,2853.0679,3252.842,0,0,0,-0.092890374,-0.0887103,-0.02580288,0.37614512,0.3592186,0.10448476,0.10297757,0.81150085,0.77498335,0.22541691,0,0,0,0.37614512,0.3592186,0.10448476
7mm PRC ELD-M,180,0.796,200,2734.811,2988.776,-2.7636337,-1.3196352,-0.38383803,-0.3845257,-0.183611,-0.053406343,1.5308464,0.73097914,0.21261755,0.21037883,1.6229725,0.77496934,0.22541285,0,0,0,1.441581,0.6883549,0.20021957
7mm PRC ELD-M,180,0.796,300,2619.598,2742.256,-10.1707,-3.2376733,-0.94173163,-0.8956795,-0.28512463,-0.082933284,3.5100515,1.1173663,0.32500476,0.32246464,2.4343262,0.77492714,0.22540057,0,0,0,3.1815379,1.0127895,0.29458684
7mm PRC ELD-M,180,0.796,400,2507.3984,2512.3809,-22.634808,-5.4040627,-1.5718623,-1.6483797,-0.39355063,-0.11447081,6.3642893,1.5194739,0.4419645,0.43952206,3.2455826,0.77488285,0.22538768,0,0,0,5.633185,1.3449227,0.39119336
7mm PRC ELD-M,180,0.796,500,2398.0125,2297.9556,-40.621746,-7.75876,-2.2567656,-2.6673036,-0.509455,-0.14818354,10.149441,1.9385431,0.5638578,0.5618684,4.056698,0.77482927,0.2253721,0,0,0,8.837358,1.6879351,0.49096426
7mm PRC ELD-M,180,0.796,600,2291.315,2098.0134,-64.64318,-10.289055,-2.9927442,-3.977887,-0.63314694,-0.18416142,14.927071,2.3758914,0.69106793,0.6898532,4.8677444,0.77478266,0.22535855,0,0,0,12.839096,2.043555,0.5944023
7mm PRC ELD-M,180,0.796,700,2187.3955,1912.024,-95.27736,-12.998585,-3.7808566,-5.608992,-0.7652268,-0.22257905,20.764788,2.8329098,0.82399935,0.82386047,5.6786346,0.774728,0.22534265,0,0,0,17.687328,2.4130554,0.7018777
7mm PRC ELD-M,180,0.796,800,2086.1362,1739.098,-133.16414,-15.896525,-4.623771,-7.5926914,-0.90637743,-0.2636351,27.735332,3.3109043,0.96303207,0.9643032,6.4892273,0.77465147,0.22532038,0,0,0,23.434132,2.7974465,0.8136842
7mm PRC ELD-M,180,0.796,900.00006,1987.6157,1578.7145,-179.0257,-18.996712,-5.525512,-9.965285,-1.0574274,-0.30757052,35.919163,3.8114204,1.1086156,1.1116382,7.2995453,0.77456284,0.2252946,0,0,0,30.136633,3.1978266,0.93014157
7mm PRC ELD-M,180,0.796,999.99994,1892.011,1430.4939,-233.66957,-22.315603,-6.4908676,-12.767926,-1.219337,-0.35466462,45.401844,4.335874,1.2611618,1.266351,8.109421,0.77444977,0.22526172,0,0,0,37.854317,3.61508,1.0515068
6.5 PRC ELD-X,143,0.623,0,2960,2781.5425,-1.5,0,0,0,0,0,0,0,0,0,-0.000708461,0,0,0,0,0,-0.04845,0,0
6.5 PRC ELD-X,143,0.623,100.00001,2805.4663,2498.6902,0,0,0,-0.08673168,-0.082828745,-0.02409213,0.4859435,0.464076,0.1349843,0.104112454,0.7465036,0.7129109,0.2073621,0,0,0,0.4859435,0.464076,0.1349843
6.5 PRC ELD-X,143,0.623,200,2656.516,2240.4082,-2.91391,-1.391392,-0.40470973,-0.36268073,-0.17318004,-0.050372325,1.9893856,0.9499316,0.27630356,0.21400625,1.4929242,0.7128713,0.20735058,0,0,0,1.8952663,0.90498966,0.26323143
6.5 PRC ELD-X,143,0.623,300,2512.445,2003.9894,-10.749802,-3.4220207,-0.99535215,-0.8529756,-0.27153057,-0.078979224,4.589629,1.4610318,0.42496562,0.33013177,2.2392664,0.7128331,0.20733948,0,0,0,4.2424107,1.3505006,0.39281574
6.5 PRC ELD-X,143,0.623,400,2373.001,1787.7145,-24.090706,-5.751659,-1.6729665,-1.586023,-0.378663,-0.11014049,8.37638,1.9998603,0.58169293,0.45299858,2.9854832,0.7127841,0.20732522,0,0,0,7.5982504,1.8140817,0.52765614
6.5 PRC ELD-X,143,0.623,500,2237.9917,1590.0809,-43.599525,-8.3275175,-2.4221983,-2.592318,-0.49513274,-0.14401767,13.450903,2.5691218,0.7472722,0.5831819,3.7315369,0.71272355,0.2073076,0,0,0,12.042639,2.300143,0.6690352
6.5 PRC ELD-X,143,0.623,600.00006,2107.424,1409.9578,-70.04362,-11.148627,-3.2427654,-3.9072695,-0.621907,-0.1808921,19.92633,3.1716063,0.9225149,0.7213242,4.4774246,0.7126567,0.20728816,0,0,0,17.663921,2.8115056,0.8177736
6.5 PRC ELD-X,143,0.623,700,1981.2822,1246.2208,-104.308945,-14.230759,-4.139255,-5.5718474,-0.7601592,-0.22110505,27.929655,3.8104012,1.1083192,0.8681466,5.2231216,0.712583,0.20726673,0,0,0,24.560476,3.3507476,0.97462124
6.5 PRC ELD-X,143,0.623,800,1859.9493,1098.2583,-147.42094,-17.598452,-5.118805,-7.6338196,-0.9112871,-0.26506317,37.59971,4.488463,1.3055447,1.0244379,5.9682465,0.7124594,0.20723078,0,0,0,32.838013,3.920033,1.1402073
6.5 PRC ELD-X,143,0.623,899.99994,1743.888,965.47144,-200.5716,-21.283012,-6.1905212,-10.143807,-1.0763707,-0.3130805,49.083717,5.2083244,1.5149286,1.1910329,6.713318,0.71235764,0.20720118,0,0,0,42.605255,4.520883,1.3149748
6.5 PRC ELD-X,143,0.623,999.99994,1633.2468,846.8489,-265.13913,-25.321018,-7.365043,-13.158617,-1.2566481,-0.36551717,62.53875,5.9724455,1.737186,1.3688242,7.457794,0.7122194,0.20716098,0,0,0,53.974754,5.154577,1.4992951
6.5 PRC ELD-M,147,0.697,0,2910,2763.564,-1.5,0,0,0,0,0,0,0,0,0,-0.000713229,0,0,0,0,0,-0.04845,0,0
6.5 PRC ELD-M,147,0.697,100,2773.315,2510.0476,0,0,0,-0.08995696,-0.0859089,-0.024988044,0.44273365,0.42281064,0.12298157,0.10560837,0.7647323,0.7303194,0.21242565,0,0,0,0.44273365,0.42281064,0.12298157
6.5 PRC ELD-M,147,0.697,200,2640.8672,2276.023,-3.0166092,-1.4404309,-0.4189735,-0.3741561,-0.17865953,-0.051966123,1.8090227,0.8638083,0.25125313,0.21646428,1.5293808,0.7302793,0.212414,0,0,0,1.7115862,0.8172824,0.23772028
6.5 PRC ELD-M,147,0.697,300,2512.33,2059.8562,-11.013027,-3.5058143,-1.019725,-0.8752907,-0.2786342,-0.081045434,4.163771,1.3254671,0.38553435,0.3329364,2.2939348,0.73023593,0.21240138,0,0,0,3.8080504,1.2122293,0.35259724
6.5 PRC ELD-M,147,0.697,400,2387.4866,1860.2246,-24.5111,-5.852028,-1.7021606,-1.6187514,-0.38647687,-0.11241329,7.578405,1.8093438,0.526278,0.45543036,3.0583782,0.7301878,0.21238737,0,0,0,6.7866964,1.6203233,0.47129822
6.5 PRC ELD-M,147,0.697,500,2266.166,1675.973,-44.103027,-8.423687,-2.4501708,-2.6316338,-0.502642,-0.14620186,12.134282,2.3176475,0.6741267,0.5844081,3.8226738,0.7301307,0.21237077,0,0,0,10.709754,2.0455623,0.5949862
6.5 PRC ELD-M,147,0.697,600,2148.4377,1506.3611,-70.45702,-11.21443,-3.2619052,-3.9446273,-0.62785316,-0.18262163,17.919798,2.8522336,0.82962006,0.7203716,4.5868225,0.7300693,0.2123529,0,0,0,15.644036,2.4900076,0.7242605
6.5 PRC ELD-M,147,0.697,699.99994,2034.1952,1350.4199,-104.33513,-14.234332,-4.1402946,-5.592772,-0.7630139,-0.2219354,25.03353,3.415288,0.99339384,0.86388075,5.350815,0.7300041,0.21233393,0,0,0,21.663506,2.955519,0.8596623
6.5 PRC ELD-M,147,0.697,800,1923.618,1207.5948,-146.60379,-17.500902,-5.090431,-7.6164446,-0.90921307,-0.26445988,33.583164,4.0089884,1.1660815,1.0155472,6.1144714,0.729915,0.21230803,0,0,0,28.847862,3.4437094,1.0016606
6.5 PRC ELD-M,147,0.697,900.00006,1817.121,1077.5842,-198.25572,-21.037266,-6.119042,-10.060126,-1.067491,-0.3104977,43.683723,4.6353254,1.3482622,1.1760235,6.877762,0.7298069,0.2122766,0,0,0,37.280064,3.9558218,1.1506171
6.5 PRC ELD-M,147,0.697,999.99994,1714.8624,959.7147,-260.42065,-24.87039,-7.2339706,-12.970007,-1.2386358,-0.360278,55.455223,5.2959704,1.5404218,1.3459909,7.6408386,0.72970015,0.21224554,0,0,0,47.043636,4.4926567,1.3067646
6.5 CREEDMOOR ELD-X,143,0.62,0,2700,2314.3542,-1.5,0,0,0,0,0,0,0,0,0,-0.000802398,0,0,0,0,0,-0.04845,0,0
6.5 CREEDMOOR ELD-X,143,0.62,100,2553.7483,2070.42,0,0,0,-0.0992191,-0.094754234,-0.02756086,0.552918,0.5280367,0.15358834,0.11425277,0.78062373,0.7454957,0.21683992,0,0,0,0.552918,0.5280367,0.15358834
6.5 CREEDMOOR ELD-X,143,0.62,200,2412.353,1847.4982,-3.827694,-1.8277237,-0.53162414,-0.41430914,-0.19783261,-0.057542935,2.2703385,1.0840865,0.31532478,0.23512208,1.5611386,0.74544364,0.2168248,0,0,0,2.146704,1.0250511,0.2981533
6.5 CREEDMOOR ELD-X,143,0.62,300,2275.4014,1643.6836,-13.627846,-4.3381987,-1.2618378,-0.9730333,-0.30974892,-0.09009568,5.2518644,1.6718434,0.48628372,0.3631737,2.341525,0.74538547,0.21680787,0,0,0,4.811685,1.5317196,0.44552636
6.5 CREEDMOOR ELD-X,143,0.62,400,2142.987,1457.9457,-30.137749,-7.1953936,-2.092901,-1.8066348,-0.43133402,-0.12546074,9.607641,2.293824,0.6671972,0.49903315,3.1217117,0.74530864,0.21678554,0,0,0,8.6341915,2.0614128,0.5995965
6.5 CREEDMOOR ELD-X,143,0.62,500,2014.9962,1288.9935,-54.21421,-10.354931,-3.0119054,-2.9515839,-0.5637525,-0.16397688,15.462141,2.9532683,0.85900766,0.6434074,3.901657,0.7452165,0.21675873,0,0,0,13.711022,2.618804,0.7617231
6.5 CREEDMOOR ELD-X,143,0.62,599.99994,1891.7184,1136.0966,-86.847374,-13.823245,-4.020723,-4.4505568,-0.7083803,-0.2060443,22.952602,3.6532881,1.0626202,0.7970756,4.6812973,0.7451066,0.21672675,0,0,0,20.147432,3.2067974,0.9327508
6.5 CREEDMOOR ELD-X,143,0.62,700.00006,1773.6931,998.75555,-129.18712,-17.62489,-5.126495,-6.3499146,-0.8663096,-0.2519807,32.225307,4.3964496,1.2787812,0.9608683,5.460556,0.74497575,0.21668871,0,0,0,28.052563,3.8271656,1.1131954
6.5 CREEDMOOR ELD-X,143,0.62,799.99994,1661.0491,875.92554,-182.56822,-21.794228,-6.339217,-8.700302,-1.0385985,-0.30209383,43.43607,5.185177,1.5081958,1.1356701,6.2395935,0.7448515,0.21665257,0,0,0,37.539116,4.481223,1.303439
6.5 CREEDMOOR ELD-X,143,0.62,900,1554.5608,767.2161,-248.53719,-26.372816,-7.670976,-11.557747,-1.2264053,-0.35672057,56.747646,6.0215497,1.7514688,1.3224045,7.017914,0.7446786,0.21660228,0,0,0,48.719894,5.169708,1.5036962
6.5 CREEDMOOR ELD-X,143,0.62,999.99994,1454.8137,671.9192,-328.87515,-31.408016,-9.135549,-14.977501,-1.4303514,-0.4160417,72.31629,6.906197,2.0087833,1.5219582,7.7953186,0.74445295,0.21653664,0,0,0,61.693626,5.891718,1.7137051
6.5 CREEDMOOR ELD-M,147,0.697,0,2695,2370.2876,-1.5,0,0,0,0,0,0,0,0,0,-0.000788331,0,0,0,0,0,-0.04845,0,0
6.5 CREEDMOOR ELD-M,147,0.697,100,2564.8027,2146.7998,0,0,0,-0.10052926,-0.09600544,-0.027924795,0.49173725,0.46960902,0.13659367,0.11411129,0.7932111,0.75751656,0.2203364,0,0,0,0.49173725,0.46960902,0.13659367
6.5 CREEDMOOR ELD-M,147,0.697,200,2438.4995,1940.5681,-3.7808266,-1.8053448,-0.52511483,-0.41774395,-0.19947273,-0.058019992,2.0129774,0.96119666,0.27958018,0.23407209,1.5863276,0.75747144,0.22032328,0,0,0,1.8908566,0.902884,0.26261896
6.5 CREEDMOOR ELD-M,147,0.697,300,2315.7024,1750.0441,-13.403156,-4.2666726,-1.2410333,-0.9762541,-0.31077424,-0.0903939,4.640727,1.477298,0.42969692,0.36031973,2.3792858,0.75740594,0.22030424,0,0,0,4.207805,1.3394845,0.38961154
6.5 CREEDMOOR ELD-M,147,0.697,400,2196.5166,1574.5356,-29.504414,-7.0441833,-2.048919,-1.8032377,-0.43052295,-0.12522483,8.46089,2.0200372,0.5875617,0.49334216,3.172058,0.75732887,0.22028181,0,0,0,7.5078974,1.79251,0.5213816
6.5 CREEDMOOR ELD-M,147,0.697,500.00003,2080.8215,1413.0359,-52.80431,-10.085636,-2.9335766,-2.929699,-0.5595724,-0.16276103,13.567054,2.5913064,0.753725,0.63367075,3.9646034,0.75723916,0.22025572,0,0,0,11.861475,2.2655404,0.6589705
6.5 CREEDMOOR ELD-M,147,0.697,600,1968.708,1264.8707,-84.12631,-13.390139,-3.8947465,-4.3912187,-0.6989356,-0.20329715,20.063711,3.1934729,0.9288752,0.7818986,4.756935,0.7571455,0.22022848,0,0,0,17.346432,2.7609713,0.8030749
6.5 CREEDMOOR ELD-M,147,0.697,700,1860.4835,1129.6274,-124.40854,-16.972948,-4.9368668,-6.228482,-0.8497429,-0.24716198,28.063158,3.828615,1.113617,0.93866354,5.54895,0.7570354,0.22019644,0,0,0,24.044762,3.2803888,0.95415616
6.5 CREEDMOOR ELD-M,147,0.697,800,1756.4789,1006.8608,-174.7226,-20.857637,-6.066794,-8.483444,-1.0127112,-0.29456404,37.682907,4.4983945,1.3084335,1.1046324,6.3404694,0.7568935,0.22015518,0,0,0,32.039368,3.8246927,1.1124761
6.5 CREEDMOOR ELD-M,147,0.697,900.00006,1656.7471,895.7689,-236.2917,-25.073395,-7.293018,-11.203102,-1.1887734,-0.3457747,49.048313,5.204567,1.5138357,1.2805163,7.1316376,0.75674593,0.22011225,0,0,0,41.416092,4.394696,1.2782712
6.5 CREEDMOOR ELD-M,147,0.697,1000,1561.9417,796.18353,-310.50955,-29.654028,-8.625372,-14.437998,-1.3788286,-0.40105546,62.288406,5.948537,1.7302318,1.4670477,7.92218,0.75656825,0.22006057,0,0,0,52.25895,4.9907117,1.4516323
308 WIN ELD-X,168,0.523,0,2840,3008.2378,-1.5,0,0,0,0,0,0,0,0,0,-0.000741363,0,0,0,0,0,-0.04845,0,0
308 WIN ELD-X,168,0.523,100,2661.7383,2642.4463,0,0,0,-0.10022351,-0.09571345,-0.027839864,0.6134671,0.585861,0.17040752,0.10911948,0.8217791,0.784799,0.22827196,0,0,0,0.6134671,0.585861,0.17040752
308 WIN ELD-X,168,0.523,200,2490.4648,2313.3235,-3.404564,-1.6256794,-0.47285613,-0.42167202,-0.20134838,-0.058565557,2.5301547,1.2081488,0.35141036,0.22564366,1.643466,0.784755,0.22825916,0,0,0,2.4201872,1.1556394,0.33613712
308 WIN ELD-X,168,0.523,300,2325.6575,2017.2839,-12.411545,-3.9510093,-1.1492174,-0.999181,-0.31807262,-0.09251676,5.8781996,1.8712265,0.54427767,0.35030043,2.4650335,0.78470236,0.22824386,0,0,0,5.477307,1.743609,0.5071579
308 WIN ELD-X,168,0.523,400,2167.2024,1751.7594,-27.84383,-6.6477184,-1.9336005,-1.8717494,-0.44688013,-0.12998259,10.806179,2.5799747,0.7504289,0.48393387,3.2864437,0.78463846,0.22822526,0,0,0,9.906823,2.3652534,0.6879736
308 WIN ELD-X,168,0.523,500,2014.9772,1514.3134,-50.67403,-9.678753,-2.8152277,-3.0856237,-0.5893541,-0.17142354,17.482632,3.3391814,0.971257,0.6275012,4.107662,0.7845635,0.22820346,0,0,0,15.8458605,3.0265577,0.88032514
308 WIN ELD-X,168,0.523,600,1869.3995,1303.406,-82.06088,-13.061388,-3.799124,-4.6963124,-0.7474964,-0.21742187,26.098774,4.1540527,1.208276,0.78208834,4.928604,0.7844695,0.22817612,0,0,0,23.448208,3.7321699,1.0855644
308 WIN ELD-X,168,0.523,700.00006,1731.2434,1117.8711,-123.38724,-16.83361,-4.896338,-6.765391,-0.9229925,-0.26846787,36.861336,5.028935,1.4627502,0.9488692,5.7492676,0.7843643,0.22814552,0,0,0,32.875927,4.4852095,1.3045985
308 WIN ELD-X,168,0.523,800,1600.9425,955.9318,-176.30174,-21.046152,-6.1216264,-9.362299,-1.1176243,-0.3250798,49.993126,5.9679236,1.7358707,1.1291094,6.569397,0.78422177,0.22810407,0,0,0,44.29858,5.288133,1.5381422
308 WIN ELD-X,168,0.523,900,1479.7404,816.67,-242.76448,-25.76025,-7.492801,-12.559754,-1.3327295,-0.38764673,65.71908,6.9735146,2.0283637,1.3240852,7.3889008,0.7840445,0.2280525,0,0,0,57.877785,6.1414585,1.7863462
308 WIN ELD-X,168,0.523,999.99994,1369.3665,699.3827,-325.07742,-31.045319,-9.030052,-16.444565,-1.570456,-0.4567935,84.24125,8.045026,2.3400307,1.5349431,8.20816,0.7838794,0.22800449,0,0,0,73.74125,7.042262,2.0483599
308 WIN ELD-M,178,0.552,0,2600,2671.3628,-1.5,0,0,0,0,0,0,0,0,0,-0.000816464,0,0,0,0,0,-0.04845,0,0
308 WIN ELD-M,178,0.552,100.00001,2439.8054,2352.321,0,0,0,-0.114562094,-0.109406784,-0.0318228,0.6568987,0.6273382,0.18247184,0.119117096,0.862972,0.8241382,0.23971443,0,0,0,0.6568987,0.6273382,0.18247184
308 WIN ELD-M,178,0.552,200,2285.2966,2063.818,-4.3381844,-2.0714831,-0.60252565,-0.47991303,-0.22915849,-0.06665459,2.7104142,1.2942227,0.3764464,0.24616955,1.7257953,0.82406723,0.23969379,0,0,0,2.5702908,1.2273138,0.35698482
308 WIN ELD-M,178,0.552,300.00003,2136.5034,1803.8209,-15.330215,-4.88012,-1.4194647,-1.1323279,-0.3604577,-0.104845166,6.298551,2.0050383,0.583199,0.38194126,2.5884666,0.8239951,0.23967281,0,0,0,5.8033853,1.8474104,0.5373503
308 WIN ELD-M,178,0.552,400,1993.3129,1570.1356,-33.9346,-8.101893,-2.3565717,-2.1146417,-0.50487065,-0.14685011,11.577459,2.7641177,0.80399007,0.5273191,3.450901,0.8239026,0.2396459,0,0,0,10.481372,2.5024266,0.7278728
308 WIN ELD-M,178,0.552,500,1856.1938,1361.5477,-61.28345,-11.705161,-3.4046426,-3.4777668,-0.6642534,-0.19320926,18.721842,3.5758708,1.040102,0.6832952,4.3130226,0.82378733,0.23961237,0,0,0,16.742386,3.197794,0.93013203
308 WIN ELD-M,178,0.552,600,1725.7793,1176.9464,-98.71469,-15.712142,-4.5701404,-5.276905,-0.83990735,-0.24430116,27.91858,4.4437046,1.2925261,0.8509304,5.1749496,0.8236795,0.239581,0,0,0,24.730095,3.9362025,1.1449106
308 WIN ELD-M,178,0.552,700,1602.4382,1014.72614,-147.8094,-20.165539,-5.8654857,-7.5746303,-1.033396,-0.30058056,39.368874,5.3710346,1.5622556,1.0313678,6.0362244,0.8235135,0.23953272,0,0,0,34.59463,4.719688,1.3728005
308 WIN ELD-M,178,0.552,800,1487.2511,874.08734,-210.42807,-25.120075,-7.3065953,-10.435576,-1.2457469,-0.36234638,53.274307,6.359613,1.8498002,1.2257507,6.896881,0.82331514,0.23947503,0,0,0,46.47748,5.5482345,1.6137972
308 WIN ELD-M,178,0.552,900,1381.7257,754.44904,-288.7413,-30.639069,-8.911887,-13.935679,-1.4787304,-0.43011355,69.81867,7.408525,2.1548939,1.4351217,7.7570496,0.82310915,0.23941511,0,0,0,60.49233,6.4188833,1.8670399
308 WIN ELD-M,178,0.552,999.99994,1286.4478,653.9892,-385.2305,-36.790215,-10.701052,-18.18023,-1.7362121,-0.50500643,89.1442,8.513254,2.476223,1.6602869,8.615967,0.8228249,0.23933244,0,0,0,76.701256,7.32493,2.130579
300 PRC ELD-X,212,0.673,0,2860,3849.7646,-1.5,0,0,0,0,0,0,0,0,0,-0.000708461,0,0,0,0,0,-0.04845,0,0
300 PRC ELD-X,212,0.673,100,2720.2192,3482.6506,0,0,0,-0.103788726,-0.09911823,-0.028830202,0.46930742,0.44818857,0.13036317,0.10756171,0.8658959,0.8269306,0.24052665,0,0,0,0.46930742,0.44818857,0.13036317
300 PRC ELD-X,212,0.673,200,2584.7126,3144.3196,-3.1913033,-1.5238472,-0.44323656,-0.43166605,-0.20612054,-0.05995362,1.9205806,0.9170773,0.26674733,0.22070283,1.7317352,0.8269036,0.24051878,0,0,0,1.8175015,0.86785704,0.2524308
300 PRC ELD-X,212,0.673,300,2453.3848,2832.9143,-11.579819,-3.686243,-1.0722057,-1.0110422,-0.32184845,-0.093615025,4.426797,1.4091969,0.40988857,0.3398379,2.5974464,0.8268538,0.24050431,0,0,0,4.0527687,1.2901312,0.37525633
300 PRC ELD-X,212,0.673,400,2325.8413,2546.023,-25.737099,-6.1447353,-1.7872994,-1.8718226,-0.44689763,-0.12998767,8.069199,1.926521,0.56036097,0.4654283,3.4630184,0.82679564,0.2404874,0,0,0,7.2378902,1.728046,0.5026312
300 PRC ELD-X,212,0.673,500,2202.1614,2282.4453,-46.312534,-8.845703,-2.5729213,-3.046708,-0.5819212,-0.16926156,12.938776,2.4713058,0.7188208,0.5979908,4.3284225,0.8267287,0.24046792,0,0,0,11.442882,2.1855896,0.6357155
300 PRC ELD-X,212,0.673,600,2082.233,2040.613,-74.04534,-11.785574,-3.428032,-4.573325,-0.7279209,-0.211728,19.135397,3.0457165,0.88589776,0.7380925,5.193611,0.8266498,0.24044496,0,0,0,16.743732,2.6650424,0.77517235
300 PRC ELD-X,212,0.673,700,1966.1404,1819.4125,-109.783485,-14.977653,-4.3565016,-6.4949574,-0.88609767,-0.25773638,26.770727,3.6522908,1.0623301,0.88636744,6.0586243,0.82656944,0.2404216,0,0,0,23.22472,3.1685126,0.9216151
300 PRC ELD-X,212,0.673,800.00006,1854.2318,1618.1924,-154.4992,-18.44343,-5.364581,-8.861308,-1.0578185,-0.30768427,35.9654,4.293367,1.2487979,1.0435007,6.923233,0.8264609,0.24039002,0,0,0,30.975077,3.6976442,1.075522
300 PRC ELD-X,212,0.673,900.00006,1746.852,1436.198,-209.30609,-22.209854,-6.4601088,-11.723779,-1.2440231,-0.361845,46.845604,4.970835,1.4458508,1.2102084,7.7873993,0.8263295,0.24035181,0,0,0,40.08502,4.253457,1.2371893
300 PRC ELD-X,212,0.673,999.99994,1644.0883,1272.1912,-275.48395,-26.308975,-7.652407,-15.140495,-1.4459174,-0.42056933,59.546776,5.6867127,1.6540759,1.3872596,8.65097,0.82616776,0.24030475,0,0,0,50.648643,4.8369327,1.4069031
300 PRC ELD-M,225,0.777,0,2810,3944.222,-1.5,0,0,0,0,0,0,0,0,0,-0.000713229,0,0,0,0,0,-0.04845,0,0
300 PRC ELD-M,225,0.777,100,2690.0442,3614.6611,0,0,0,-0.108313814,-0.103439696,-0.030087171,0.4148218,0.39615482,0.11522828,0.10911857,0.8943466,0.85410094,0.2484296,0,0,0,0.4148218,0.39615482,0.11522828
300 PRC ELD-M,225,0.777,200,2573.2292,3307.5444,-3.297554,-1.5745822,-0.45799366,-0.44789487,-0.21386978,-0.062207617,1.6937122,0.8087476,0.2352378,0.22314668,1.7886229,0.85406744,0.24841985,0,0,0,1.5872012,0.75788856,0.22044462
300 PRC ELD-M,225,0.777,300.00003,2459.555,3021.773,-11.836983,-3.768107,-1.0960171,-1.0429922,-0.33201915,-0.096573345,3.891788,1.2388856,0.3603507,0.3423974,2.682784,0.85401946,0.2484059,0,0,0,3.5094535,1.1171758,0.32494935
300 PRC ELD-M,225,0.777,400,2348.708,2755.5408,-26.114132,-6.2347527,-1.8134824,-1.9196408,-0.45831427,-0.1333084,7.070095,1.6879851,0.49097878,0.46721736,3.5767746,0.853955,0.24838714,0,0,0,6.2266088,1.4866025,0.4324033
300 PRC ELD-M,225,0.777,500,2240.7444,2508.0337,-46.682953,-8.916453,-2.5935001,-3.1057534,-0.5931989,-0.17254186,11.296318,2.1575963,0.62757313,0.5979909,4.4706078,0.853886,0.24836709,0,0,0,9.788459,1.8695949,0.5438031
300 PRC ELD-M,225,0.777,600,2135.6445,2278.2776,-74.162865,-11.804278,-3.4334726,-4.6330285,-0.73742366,-0.21449205,16.643297,2.6490576,0.7705229,0.7351316,5.364189,0.85380006,0.24834208,0,0,0,14.247837,2.2677794,0.6596217
300 PRC ELD-M,225,0.777,699.99994,2033.3562,2065.2644,-109.25278,-14.905248,-4.3354416,-6.537086,-0.8918454,-0.2594082,23.192083,3.164062,0.9203206,0.87909955,6.25753,0.8537059,0.2483147,0,0,0,19.66322,2.6826224,0.78028584
300 PRC ELD-M,225,0.777,800,1934.014,1868.392,-152.73384,-18.232687,-5.303283,-8.858398,-1.0574713,-0.30758327,31.029543,3.7041502,1.0774143,1.0303881,7.150482,0.8535888,0.24828064,0,0,0,26.096241,3.1152344,0.9061182
300 PRC ELD-M,225,0.777,899.99994,1837.932,1687.3594,-205.49017,-21.804937,-6.342332,-11.641336,-1.2352751,-0.35930052,40.24819,4.2707787,1.2422277,1.1895219,8.0433655,0.8534905,0.24825203,0,0,0,33.61086,3.5664792,1.0373703
300 PRC ELD-M,225,0.777,999.99994,1745.2565,1521.4835,-268.51578,-25.643497,-7.458842,-14.930946,-1.4259053,-0.41474852,50.943813,4.865132,1.4151052,1.3570449,8.935577,0.8533477,0.2482105,0,0,0,42.270752,4.036847,1.1741847
