shooter_id,date,rifle_id,range_yd,mv_fps,mv_sd,wind_mph,wind_dir_deg,DA_ft,temp_F,pressure_inHg,rh_pct,group_moa,rest,target_size_moa,shot_id,outcome,2
josh,10/6/2025,6.5PRC,800,2745.6,10.3,40.2,285,7760,20,24.81,20.2,1.16,tripod,0.75,2025-10-06-0580,0,
josh,10/1/2025,7mmPRC,700,2992.7,8.8,69,230,8382,20,24.91,10,0.57,bipod,1,2025-10-01-0404,1,
josh,10/11/2025,6.5PRC,300,2764,6.9,46.2,15,8002,24.3,25.01,8.2,1.02,prone_bag,1,2025-10-11-0151,0,
josh,10/19/2025,6.5PRC,1000,2749.3,9,63,87,7710,20.1,24.19,32.7,1.2,bipod,1,2025-10-19-0461,0,
josh,10/1/2025,6.5PRC,600,2735.4,9.5,25.8,8,7716,21.6,24.57,34.6,1.12,prone_bag,1,2025-10-01-0493,1,
josh,10/13/2025,7mmPRC,900,3005.7,11.4,92.4,359,7963,21.6,24.71,25.6,0.88,bipod,2,2025-10-13-0314,0,
josh,9/18/2025,7mmPRC,300,2983.6,7.8,81,243,7887,23.8,25.12,45.5,0.77,prone_bag,0.75,2025-09-18-0042,0,
not josh,9/7/2025,6.5PRC,600,2750.1,9.4,12.6,262,7950,23.8,24.93,5.1,0.96,prone_bag,1,2025-09-07-0110,0,
josh,9/24/2025,7mmPRC,1000,2994.2,10,39,117,8021,27.2,24.99,24.5,0.81,prone_bag,0.5,2025-09-24-0293,0,
josh,11/3/2025,7mmPRC,900,2990.1,6.5,57,356,7657,28.1,25.07,29,0.64,prone_bag,1.5,2025-11-03-0339,0,
josh,10/12/2025,6.5PRC,800,2756.5,13.1,29.4,279,7458,27.7,24.75,14.2,0.64,prone_bag,0.75,2025-10-12-0127,0,
josh,10/1/2025,7mmPRC,500,2996,4,45.6,221,8069,28.7,24.88,16.2,0.43,bipod,1.5,2025-10-01-0171,0,
not josh,10/28/2025,6.5PRC,600,2745.5,4.2,21,278,8088,28.4,24.65,16,1.3,prone_bag,1,2025-10-28-0220,0,
josh,11/1/2025,6.5PRC,600,2733.2,6.1,52.2,298,7964,29,24.74,36.2,0.91,bipod,2,2025-11-01-0520,0,
not josh,10/29/2025,6.5PRC,800,2770.1,11.5,46.8,202,7141,29.7,24.83,16.4,0.73,bench,0.75,2025-10-29-0229,0,
josh,10/30/2025,7mmPRC,600,3001.9,6.5,48,75,8460,31,24.79,15.7,0.82,bipod,1,2025-10-30-0360,0,
josh,9/1/2025,6.5PRC,300,2751.6,8.8,12,110,7957,30.1,24.59,14.2,1.11,bench,2,2025-09-01-0595,0,
josh,10/7/2025,6.5PRC,800,2738.4,7.9,22.2,244,7936,30.5,24.6,5,1.03,tripod,0.75,2025-10-07-0577,0,
not josh,9/21/2025,7mmPRC,900,2958.5,8.6,43.8,300,8447,31.7,25.03,28.2,1.1,bipod,0.75,2025-09-21-0338,0,
not josh,9/12/2025,6.5PRC,800,2730.7,7.5,78,151,7886,31.3,25.01,14.6,1.23,prone_bag,0.75,2025-09-12-0174,0,
josh,10/27/2025,7mmPRC,300,2986.6,10.4,40.8,303,8480,32.5,24.73,5,0.55,prone_bag,0.75,2025-10-27-0033,0,
not josh,9/26/2025,7mmPRC,400,2995.7,11.4,62.4,138,8135,32.3,24.71,24.2,0.63,prone_bag,0.5,2025-09-26-0152,0,
josh,10/15/2025,6.5PRC,600,2766.9,11.1,47.4,170,7142,32.6,24.8,39.7,0.81,prone_bag,0.75,2025-10-15-0589,0,
not josh,10/30/2025,6.5PRC,500,2763.6,7.2,52.8,345,7931,32.9,24.89,42.7,1.08,prone_bag,1.5,2025-10-30-0172,0,
not josh,9/25/2025,6.5PRC,700,2768.1,9.2,53.4,358,7645,33.1,24.99,5,0.84,bipod,1,2025-09-25-0505,0,
josh,10/1/2025,6.5PRC,700,2729.5,9.4,90.6,297,7735,33,25.18,26.8,0.94,prone_bag,0.75,2025-10-01-0169,0,
josh,9/14/2025,7mmPRC,700,2993.4,10.9,58.2,154,8552,33.6,25.04,16.9,1,bench,1.5,2025-09-14-0363,0,
not josh,9/1/2025,7mmPRC,300,2984.9,7.4,67.8,44,8272,33.4,24.9,14.2,1.1,prone_bag,1.5,2025-09-01-0040,0,
josh,11/3/2025,6.5PRC,400,2750.7,7.7,19.8,290,7965,33.5,24.91,28.2,1.04,prone_bag,0.5,2025-11-03-0275,0,
not josh,10/2/2025,7mmPRC,800,2998.5,9.7,52.2,43,7898,33.9,24.63,19.5,0.43,bipod,0.5,2025-10-02-0436,0,
not josh,10/22/2025,6.5PRC,800,2745.4,9.3,10.2,88,7916,33.6,24.95,21.3,1.43,prone_bag,1,2025-10-22-0111,0,
josh,9/20/2025,6.5PRC,700,2756.9,7.8,52.8,321,7882,36.7,24.85,19.5,0.98,prone_bag,1,2025-09-20-0556,0,
josh,10/28/2025,7mmPRC,800,2974.2,9,95.4,316,8373,34.1,24.18,27.3,0.83,tripod,0.75,2025-10-28-0322,1,
not josh,9/26/2025,7mmPRC,700,2962.9,8.4,43.8,71,8828,38.1,24.72,37.1,0.94,prone_bag,1.5,2025-09-26-0099,0,
josh,9/30/2025,7mmPRC,700,2976,15,25.2,204,8424,34.7,24.61,35.2,0.8,bipod,1,2025-09-30-0103,1,
josh,9/3/2025,7mmPRC,500,2997.6,9.5,66,268,8232,35,25,19.1,1.01,prone_bag,0.75,2025-09-03-0566,1,
josh,9/30/2025,7mmPRC,600,2969.3,10.3,54,324,8021,38.3,24.81,14.7,0.9,prone_bag,1,2025-09-30-0007,0,
not josh,10/28/2025,6.5PRC,600,2757.7,12,11.4,352,7730,35.7,25.29,5,0.74,bench,0.75,2025-10-28-0262,1,
not josh,10/13/2025,6.5PRC,500,2734.2,4.2,21.6,248,7556,35.8,24.65,5,0.75,bench,0.75,2025-10-13-0325,1,
josh,9/18/2025,6.5PRC,600,2771.1,10.2,24,218,7705,36,24.6,33.6,0.92,prone_bag,0.75,2025-09-18-0432,1,
josh,9/2/2025,6.5PRC,800,2748.2,11.6,52.8,354,7862,38.3,24.9,16.7,0.92,bench,0.75,2025-09-02-0500,0,
not josh,10/20/2025,7mmPRC,300,3001.1,7.4,28.8,154,8608,37.2,25.05,33.2,1.02,prone_bag,0.75,2025-10-20-0547,0,
josh,10/14/2025,6.5PRC,400,2756,11.6,24.6,30,7768,37.4,24.4,27.4,0.8,bipod,0.75,2025-10-14-0354,0,
josh,9/30/2025,6.5PRC,500,2766.2,10.3,28.2,14,7621,37.8,24.62,16.4,1.11,tripod,1,2025-09-30-0028,0,
josh,10/29/2025,6.5PRC,800,2761.3,5.2,54.6,198,7546,38.6,24.85,16.7,1.12,bench,0.75,2025-10-29-0562,0,
josh,10/18/2025,7mmPRC,400,2986.5,8.1,75.6,123,8671,38.2,25.08,8.3,0.62,bipod,1,2025-10-18-0440,0,
josh,9/28/2025,6.5PRC,600,2745.6,6.7,6,258,7606,38.2,24.68,27.4,0.87,bipod,1,2025-09-28-0457,0,
josh,11/2/2025,7mmPRC,600,2985.6,9.4,32.4,271,8997,38.9,24.68,14.9,1.26,bipod,2,2025-11-02-0538,0,
not josh,9/21/2025,7mmPRC,800,2986.1,9,52.8,115,8308,39.7,24.49,11.1,0.66,tripod,1.5,2025-09-21-0270,0,
josh,11/3/2025,6.5PRC,700,2757,10.6,7.2,310,8370,38.4,24.88,23.9,1.01,bench,0.75,2025-11-03-0335,1,
not josh,9/7/2025,7mmPRC,500,2993.1,10.5,55.8,30,7946,39.8,24.97,21.9,1.08,prone_bag,0.75,2025-09-07-0218,0,
josh,9/17/2025,7mmPRC,800,2980.9,9.4,57,272,8325,40.2,24.97,12,0.98,bipod,0.75,2025-09-17-0079,0,
josh,10/12/2025,6.5PRC,600,2749.5,8,58.8,104,7663,41.6,24.54,21.7,1.27,offhand,1.5,2025-10-12-0011,0,
josh,9/7/2025,7mmPRC,1000,2988.7,12.5,43.2,346,8159,41.8,24.95,11.2,0.75,bipod,0.75,2025-09-07-0463,0,
not josh,9/22/2025,7mmPRC,1000,2994.1,16.3,50.4,11,8638,48.9,24.79,26.2,0.93,tripod,1.5,2025-09-22-0356,0,
josh,10/26/2025,6.5PRC,300,2774,10.2,54,122,7267,50.2,24.84,9.8,1.13,tripod,1,2025-10-26-0131,0,
josh,9/11/2025,6.5PRC,1000,2752.4,12.5,9,58,7760,39.2,24.86,36.4,0.86,prone_bag,1,2025-09-11-0541,1,
josh,9/15/2025,7mmPRC,800,3002.3,11.3,45.6,72,8059,50.6,24.89,22,0.98,offhand,1,2025-09-15-0140,0,
josh,10/19/2025,7mmPRC,500,2991.8,8.1,57.6,46,8447,51.7,24.79,31.6,0.63,prone_bag,2,2025-10-19-0579,0,
not josh,10/8/2025,7mmPRC,900,2987.4,6.6,58.2,234,8331,52.1,24.59,43.1,0.92,bench,0.75,2025-10-08-0090,0,
josh,10/3/2025,7mmPRC,700,2997.7,13.9,46.8,97,8917,52.7,24.65,7.9,1.32,prone_bag,0.5,2025-10-03-0201,0,
josh,10/6/2025,7mmPRC,600,2999,9.5,42.6,182,8659,52.8,24.88,24.1,0.73,offhand,0.75,2025-10-06-0509,0,
josh,11/3/2025,6.5PRC,1000,2744.7,9.9,58.8,55,7708,53.9,24.82,5,1.05,prone_bag,1.5,2025-11-03-0121,0,
not josh,10/10/2025,7mmPRC,800,3001.5,8.6,51,162,7295,54.1,24.87,24.7,1.04,prone_bag,0.75,2025-10-10-0504,0,
not josh,9/30/2025,6.5PRC,500,2770.1,11.3,58.8,328,7815,55.1,24.77,21.4,1.29,bipod,1,2025-09-30-0397,0,
josh,9/25/2025,6.5PRC,500,2744,6.7,40.8,30,7660,55.1,24.99,12.1,1.3,prone_bag,0.75,2025-09-25-0451,0,
josh,10/18/2025,7mmPRC,900,2991.4,13.8,30,118,8200,40.4,25.13,19.2,0.86,prone_bag,1,2025-10-18-0346,1,
not josh,9/1/2025,7mmPRC,700,2986.8,8.6,67.8,327,7602,40.6,24.5,5,0.71,bench,2,2025-09-01-0027,1,
josh,10/3/2025,7mmPRC,1000,2995.2,7.3,59.4,345,7731,55.5,24.82,19.1,1.01,prone_bag,0.75,2025-10-03-0034,0,
josh,10/19/2025,7mmPRC,500,3000.3,12.6,31.2,318,8304,56,24.87,13.7,0.67,offhand,1.5,2025-10-19-0243,0,
josh,9/13/2025,6.5PRC,600,2754.6,13.9,74.4,199,7760,41.3,24.74,22.2,0.91,bench,1,2025-09-13-0054,1,
not josh,10/2/2025,7mmPRC,700,2997.6,10.1,45.6,342,7821,56.8,24.82,22.3,0.94,bipod,0.75,2025-10-02-0377,0,
josh,10/14/2025,7mmPRC,700,2970.6,10.3,61.2,178,8162,41.8,25.15,9.3,0.98,prone_bag,1,2025-10-14-0551,1,
josh,9/14/2025,7mmPRC,400,2980.2,15.2,34.2,270,8666,57.2,24.96,27.3,1.08,bipod,0.75,2025-09-14-0428,0,
josh,10/15/2025,7mmPRC,400,2967,5.2,16.2,151,8153,42.2,24.66,12.3,0.76,prone_bag,0.75,2025-10-15-0165,1,
not josh,9/29/2025,6.5PRC,400,2763.4,8.6,65.4,18,7508,42.2,25.2,10.4,1.18,bench,0.75,2025-09-29-0511,1,
not josh,10/29/2025,6.5PRC,800,2758.7,13.6,32.4,299,7761,57.4,24.54,17.4,1.22,bench,2,2025-10-29-0244,0,
josh,9/17/2025,6.5PRC,700,2770.5,16.8,23.4,104,7821,42.4,24.64,13.7,0.74,prone_bag,1,2025-09-17-0118,1,
not josh,10/4/2025,6.5PRC,1000,2746.5,6.8,65.4,259,8399,42.4,24.63,22.4,1.27,tripod,0.75,2025-10-04-0039,0,
josh,9/16/2025,6.5PRC,700,2739.1,9.5,92.4,247,7420,42.5,24.54,37.3,0.86,prone_bag,0.75,2025-09-16-0183,1,
josh,10/3/2025,7mmPRC,700,2987,11.1,62.4,247,7963,42.5,24.8,25.6,0.93,prone_bag,1.5,2025-10-03-0570,1,
josh,9/14/2025,6.5PRC,400,2752.2,13.8,22.2,358,7523,42.6,24.85,20.7,0.86,prone_bag,1,2025-09-14-0295,1,
josh,9/29/2025,7mmPRC,600,2993.1,11.5,10.2,278,8001,42.6,24.61,20.5,0.43,bench,1,2025-09-29-0087,1,
josh,9/26/2025,7mmPRC,600,3005.9,7.9,30,313,8132,42.6,24.9,16.1,0.72,bipod,2,2025-09-26-0565,1,
josh,10/23/2025,6.5PRC,800,2731.2,14.6,36.6,204,8115,58.2,24.92,26.7,0.86,bench,2,2025-10-23-0458,0,
not josh,9/4/2025,6.5PRC,500,2754.3,13.3,59.4,243,7841,58.6,24.63,19.3,1.2,prone_bag,0.75,2025-09-04-0204,0,
josh,9/6/2025,6.5PRC,700,2758.8,7,56.4,66,8024,58.7,25,17,0.91,offhand,1,2025-09-06-0277,0,
not josh,9/20/2025,6.5PRC,700,2744.4,17.1,6,77,7861,43.1,24.7,21.4,0.48,prone_bag,1,2025-09-20-0114,1,
josh,9/1/2025,7mmPRC,1000,2988.7,6.8,57,3,7797,60.2,24.91,29.1,0.7,prone_bag,0.5,2025-09-01-0498,0,
josh,10/19/2025,7mmPRC,700,2987.9,9.9,68.4,141,8424,43.4,25,19.1,0.65,bipod,1,2025-10-19-0568,1,
not josh,10/14/2025,7mmPRC,500,2984.7,11.8,61.8,214,8356,43.5,24.69,22.7,0.72,bipod,1,2025-10-14-0328,1,
josh,9/15/2025,7mmPRC,700,2987.6,2.4,10.8,187,8815,43.6,25.09,10.7,0.81,prone_bag,0.75,2025-09-15-0536,1,
not josh,10/6/2025,6.5PRC,900,2732.3,14.3,38.4,337,8210,60.8,25.09,22.6,1.12,bipod,0.75,2025-10-06-0245,0,
not josh,9/7/2025,7mmPRC,700,2973.4,8.7,55.2,327,8755,61.3,24.33,19.1,1.4,bipod,0.5,2025-09-07-0258,0,
josh,10/9/2025,7mmPRC,900,3011.6,11.6,52.8,76,8275,62.1,24.55,19.1,0.89,prone_bag,0.75,2025-10-09-0482,0,
josh,10/16/2025,6.5PRC,600,2760.7,5.6,65.4,96,7793,44.1,24.38,18.6,1.24,tripod,2,2025-10-16-0413,0,
josh,9/4/2025,7mmPRC,300,2979,8.4,75,88,8126,44.5,24.79,30.5,0.65,bipod,0.75,2025-09-04-0047,1,
josh,9/1/2025,7mmPRC,700,2986.3,13.1,65.4,159,7905,44.5,24.9,18.2,0.84,bench,1.5,2025-09-01-0357,1,
josh,10/27/2025,6.5PRC,400,2734.1,16,73.8,352,7647,44.6,24.9,17.2,1.02,tripod,2,2025-10-27-0569,1,
josh,9/1/2025,7mmPRC,900,2987.9,6.8,74.4,18,8304,44.7,24.76,5,0.86,bipod,2,2025-09-01-0549,1,
josh,11/2/2025,7mmPRC,900,3003.9,11.3,13.8,278,7991,44.9,24.95,21.7,0.57,prone_bag,1,2025-11-02-0297,1,
josh,10/11/2025,7mmPRC,900,2995.5,15.1,52.2,235,8934,62.7,24.8,7.2,1.07,bipod,1.5,2025-10-11-0395,0,
josh,9/29/2025,6.5PRC,500,2759.7,12.4,93.6,225,7588,45.2,24.66,17.5,0.48,bipod,1,2025-09-29-0369,1,
josh,10/15/2025,7mmPRC,500,2982.3,8.2,71.4,189,8462,45.3,24.63,21.1,1.2,prone_bag,0.5,2025-10-15-0188,0,
josh,10/11/2025,7mmPRC,500,2989.5,8.9,88.8,308,7349,45.6,24.8,9.1,0.8,prone_bag,1,2025-10-11-0441,1,
josh,10/6/2025,7mmPRC,500,2982,9.8,7.8,294,8409,45.7,24.87,14.8,0.8,tripod,1,2025-10-06-0332,1,
josh,9/8/2025,6.5PRC,1000,2746.8,8.7,67.2,92,7766,46.3,24.77,25.1,0.71,bench,0.75,2025-09-08-0449,0,
josh,10/13/2025,7mmPRC,500,3000.7,13.3,72,58,7919,46.4,24.78,15.5,0.62,prone_bag,2,2025-10-13-0205,1,
josh,10/11/2025,6.5PRC,900,2734.6,10.1,42.6,279,7828,62.9,25.03,20.8,1.21,bipod,0.5,2025-10-11-0571,0,
josh,10/2/2025,7mmPRC,1000,2980.5,5.9,61.8,111,8380,46.4,24.75,5,0.75,tripod,1,2025-10-02-0228,0,
not josh,9/22/2025,6.5PRC,1000,2749.4,5.6,87,108,7853,46.4,24.66,5,0.73,prone_bag,1.5,2025-09-22-0347,0,
josh,11/1/2025,6.5PRC,1000,2754.7,10.6,46.8,305,7929,63.4,24.81,13.6,1.29,bench,0.75,2025-11-01-0301,0,
josh,10/30/2025,7mmPRC,700,2993.5,9.2,14.4,77,8816,46.6,25.21,5.5,0.69,prone_bag,1.5,2025-10-30-0409,1,
not josh,9/6/2025,6.5PRC,900,2762.9,9,66.6,42,7814,46.6,24.75,17,0.81,prone_bag,0.5,2025-09-06-0336,1,
not josh,9/25/2025,7mmPRC,500,2994.7,10,75,15,8544,46.9,24.85,11.5,0.81,bench,0.5,2025-09-25-0387,1,
josh,9/20/2025,6.5PRC,900,2730.8,11.8,64.2,329,7952,46.9,24.82,11,0.88,bipod,0.5,2025-09-20-0327,0,
not josh,9/14/2025,7mmPRC,500,2993.9,4.9,36.6,65,7554,63.6,24.7,5.1,1.07,bipod,0.5,2025-09-14-0302,0,
josh,9/2/2025,7mmPRC,1000,2986.6,6.1,41.4,12,8267,64.9,25.18,13.3,0.84,bipod,1.5,2025-09-02-0227,0,
josh,9/1/2025,7mmPRC,600,2992.8,6.6,69.6,99,8013,47,24.69,30.7,0.82,bench,0.75,2025-09-01-0516,1,
not josh,9/27/2025,6.5PRC,400,2750.5,9.1,73.2,195,7597,47.1,24.9,5,1.03,bench,1.5,2025-09-27-0060,1,
not josh,9/30/2025,6.5PRC,500,2745.6,9.2,12,69,7504,47.1,25.29,38,0.87,bipod,1,2025-09-30-0078,1,
not josh,10/6/2025,6.5PRC,800,2762.9,10.3,30,115,8152,47.1,24.72,25.2,0.73,prone_bag,1,2025-10-06-0501,0,
josh,10/23/2025,6.5PRC,500,2756.7,5.6,21.6,145,7549,47.2,24.78,26.1,1.2,prone_bag,2,2025-10-23-0329,0,
josh,9/13/2025,6.5PRC,700,2771.4,11.1,71.4,308,7582,47.2,24.89,29.9,0.96,bench,1,2025-09-13-0098,1,
josh,9/1/2025,7mmPRC,800,3008.5,7.2,73.2,64,8732,47.2,24.76,23.9,0.68,bipod,1,2025-09-01-0491,0,
josh,9/13/2025,7mmPRC,600,3003.8,1.8,29.4,105,7694,47.6,24.85,18.2,0.8,bench,0.5,2025-09-13-0036,1,
josh,10/25/2025,6.5PRC,900,2727.5,6.6,48,64,7677,65.9,24.56,27.1,0.71,bipod,1,2025-10-25-0259,0,
josh,10/8/2025,6.5PRC,400,2743.4,9.5,80.4,307,8239,47.7,24.79,20.9,0.75,prone_bag,1.5,2025-10-08-0176,0,
not josh,9/4/2025,7mmPRC,300,2977.6,9.7,13.8,134,8333,47.9,24.54,27.1,0.9,bipod,1,2025-09-04-0041,1,
josh,10/20/2025,7mmPRC,800,2993.4,4.1,1.2,212,8295,47.9,24.4,25.4,1.27,prone_bag,0.5,2025-10-20-0282,0,
josh,9/18/2025,6.5PRC,900,2763.6,8.9,56.4,51,7503,66.8,24.8,12.5,0.9,bipod,1,2025-09-18-0075,0,
josh,9/21/2025,6.5PRC,700,2741.9,3.8,78.6,289,7607,48,24.56,18,1.3,bipod,1,2025-09-21-0414,0,
josh,10/21/2025,6.5PRC,600,2744.6,10.6,3,76,7829,48.1,24.76,5,1.03,bipod,1,2025-10-21-0539,0,
josh,9/2/2025,6.5PRC,800,2732.2,10.3,29.4,182,7825,48.1,24.58,22.3,0.98,bipod,1.5,2025-09-02-0149,1,
not josh,10/7/2025,6.5PRC,400,2745.9,7.3,12.6,2,7989,48.2,25.41,9.1,0.7,bipod,1,2025-10-07-0192,1,
josh,10/31/2025,7mmPRC,600,3004,11.8,58.8,132,8478,71.3,24.71,6.6,0.93,prone_bag,0.75,2025-10-31-0253,0,
josh,10/21/2025,6.5PRC,400,2767.7,11.5,16.8,93,8001,48.4,24.68,23.1,0.85,bipod,1,2025-10-21-0117,1,
josh,10/7/2025,7mmPRC,700,2987.7,8.8,9,125,8623,48.4,25.01,13.8,0.72,tripod,1,2025-10-07-0418,1,
not josh,10/29/2025,6.5PRC,800,2755.9,10.4,57.6,313,7541,72.9,24.58,28.4,1.19,prone_bag,1,2025-10-29-0181,0,
josh,10/1/2025,6.5PRC,700,2753.5,12.8,63.6,65,8374,48.5,24.52,10.1,1.08,bipod,2,2025-10-01-0137,1,
josh,10/4/2025,6.5PRC,800,2745.2,5.9,42.6,267,7861,73.8,24.57,24,0.95,prone_bag,0.5,2025-10-04-0460,0,
josh,10/18/2025,6.5PRC,500,2736.3,6.9,45.6,319,7951,75.9,24.92,20.7,0.8,offhand,0.75,2025-10-18-0280,0,
josh,10/21/2025,7mmPRC,700,2993.6,10.7,45,338,8163,80.7,25.04,24.8,1.19,prone_bag,1.5,2025-10-21-0283,0,
josh,10/15/2025,6.5PRC,700,2747.3,10,9,131,7742,48.7,24.98,30,1.07,prone_bag,1.5,2025-10-15-0528,1,
not josh,10/15/2025,7mmPRC,500,2983,8.2,48,272,8343,81.6,24.95,29.6,1.14,bipod,0.75,2025-10-15-0393,0,
josh,10/9/2025,6.5PRC,800,2744,8.7,36.6,242,8037,82.5,24.71,15.8,1.01,prone_bag,0.5,2025-10-09-0046,0,
not josh,10/12/2025,7mmPRC,600,2980.8,7.5,5.4,109,7872,48.9,24.81,10.5,0.75,prone_bag,0.75,2025-10-12-0370,1,
josh,11/3/2025,7mmPRC,900,2981.3,9.9,45.6,181,8827,83.6,24.88,12.4,0.63,bench,0.5,2025-11-03-0018,0,
josh,9/21/2025,7mmPRC,800,2989.3,13.2,63,350,8944,49,24.6,32.2,0.61,prone_bag,1,2025-09-21-0544,1,
not josh,10/10/2025,6.5PRC,600,2768.1,13.4,43.5,61,7740,20,24.73,6.5,0.99,bipod,1.5,2025-10-10-0584,1,
not josh,10/29/2025,7mmPRC,800,2991.5,9.4,67.8,202,8182,49.1,24.72,26.3,0.85,bipod,1,2025-10-29-0067,1,
not josh,11/1/2025,7mmPRC,800,3010.8,7.4,8.4,208,8469,49.1,25.02,12.7,0.74,tripod,1.5,2025-11-01-0534,1,
josh,9/6/2025,6.5PRC,500,2756.8,12.1,15,36,7505,49.2,24.73,6.4,0.67,bipod,1.5,2025-09-06-0214,0,
josh,9/6/2025,6.5PRC,500,2735.7,9.7,77.4,237,7979,49.3,24.94,5,0.8,prone_bag,0.5,2025-09-06-0578,1,
josh,9/7/2025,7mmPRC,800,2988.3,5.7,82.2,163,8317,49.4,24.78,25.1,0.8,bipod,1,2025-09-07-0446,1,
josh,10/26/2025,7mmPRC,800,3005.2,7.4,54,67,8183,34.5,25.09,18.6,1,bipod,1.5,2025-10-26-0296,1,
josh,10/2/2025,7mmPRC,700,2997.1,7.7,71.4,145,8284,49.5,24.63,5,0.91,prone_bag,1.5,2025-10-02-0161,1,
josh,10/20/2025,7mmPRC,500,2973.3,13.4,49.8,34,8441,35.3,25.09,27.9,0.84,prone_bag,0.75,2025-10-20-0242,1,
josh,10/29/2025,6.5PRC,400,2749.6,6.6,15.6,353,7676,49.7,24.66,16.7,0.93,prone_bag,1,2025-10-29-0550,1,
josh,10/19/2025,6.5PRC,700,2761,9,73.8,207,7463,49.8,24.88,31.7,1.28,offhand,1,2025-10-19-0487,0,
not josh,9/29/2025,7mmPRC,900,2995.6,5.4,35.4,300,8780,38.7,24.57,29.4,0.76,bipod,0.75,2025-09-29-0596,1,
not josh,10/12/2025,6.5PRC,800,2741.2,10.1,9.6,136,8222,49.8,25.21,19.7,1.16,prone_bag,0.75,2025-10-12-0199,0,
not josh,9/19/2025,6.5PRC,500,2747.7,16.3,81.6,356,7277,50,24.67,19.2,0.94,tripod,0.75,2025-09-19-0348,1,
josh,11/1/2025,6.5PRC,500,2746,12.5,52.2,274,7405,38.8,25.02,32,1.01,tripod,0.75,2025-11-01-0331,1,
not josh,9/5/2025,6.5PRC,400,2740.6,15.5,21,248,8198,50.2,25.2,25.9,0.75,bipod,1.5,2025-09-05-0208,1,
josh,10/10/2025,7mmPRC,500,2992.8,11.2,57,342,8389,38.9,24.87,17,0.75,bipod,2,2025-10-10-0066,1,
josh,9/28/2025,6.5PRC,400,2772.9,12.5,37.8,311,8045,39,24.61,23.3,0.52,bipod,1,2025-09-28-0298,1,
josh,10/22/2025,7mmPRC,600,3000,10.1,83.4,14,7843,50.4,24.61,16.1,0.57,prone_bag,0.5,2025-10-22-0008,0,
josh,10/10/2025,6.5PRC,800,2738.6,13.8,61.2,89,7898,50.5,24.89,9.1,1.08,bipod,1,2025-10-10-0543,1,
not josh,10/2/2025,7mmPRC,400,2961.7,14.6,44.4,227,8374,39.3,24.71,13.3,1.14,prone_bag,1.5,2025-10-02-0324,1,
not josh,10/19/2025,7mmPRC,500,2976.2,4.6,33,3,7784,39.3,24.92,20,0.75,tripod,0.75,2025-10-19-0531,1,
josh,9/20/2025,6.5PRC,300,2758.8,8,22.8,348,7629,50.7,24.96,29.8,0.92,bipod,1.5,2025-09-20-0191,1,
josh,9/21/2025,6.5PRC,400,2759.3,11.3,39,111,7759,39.4,24.75,17.3,1,bipod,1,2025-09-21-0017,1,
josh,9/24/2025,7mmPRC,900,2994.6,14.2,66.6,287,8564,50.8,24.7,17.6,0.82,bench,1,2025-09-24-0444,0,
josh,9/22/2025,6.5PRC,600,2755.1,14.6,52.2,238,7432,39.5,25.13,37.2,0.91,bipod,1,2025-09-22-0012,1,
josh,10/29/2025,7mmPRC,800,2963.6,4.5,45,85,8058,40.1,25.19,23.1,0.94,bipod,0.75,2025-10-29-0294,1,
josh,9/5/2025,6.5PRC,500,2752,13.9,28.2,89,7793,51.2,24.85,10.5,0.91,bench,0.75,2025-09-05-0178,1,
josh,9/29/2025,6.5PRC,700,2756.6,11.2,10.2,124,7582,51.3,24.73,6.2,0.82,bipod,0.75,2025-09-29-0104,1,
josh,9/28/2025,6.5PRC,400,2751.1,8.8,90,37,7451,51.5,24.62,14.4,1.16,tripod,1,2025-09-28-0519,0,
not josh,9/30/2025,7mmPRC,300,3007.5,10.1,27.6,307,7994,51.6,24.87,33.4,1.06,bipod,1,2025-09-30-0279,1,
josh,11/4/2025,6.5PRC,400,2771.7,9.5,42,114,7748,40.3,24.59,14.7,1.18,bipod,1,2025-11-04-0420,1,
not josh,9/4/2025,7mmPRC,500,2990.2,5.9,36,142,7836,40.8,24.88,8.8,0.91,tripod,0.5,2025-09-04-0260,1,
josh,10/18/2025,7mmPRC,400,2967.3,9.4,3,115,7803,51.9,24.63,24,0.91,bipod,1.5,2025-10-18-0193,1,
josh,10/17/2025,7mmPRC,300,2977.8,11.7,15.3,218,8267,40.9,24.67,13.2,1.03,prone_bag,1,2025-10-17-0196,1,
josh,9/6/2025,7mmPRC,600,2996.1,11.9,54.3,56,8082,51.9,24.58,22.1,0.89,bipod,1,2025-09-06-0392,0,
not josh,9/22/2025,6.5PRC,700,2758.4,10.3,15,115,7542,51.9,24.91,10.4,1.04,bench,1.5,2025-09-22-0070,1,
josh,10/2/2025,6.5PRC,800,2746.4,10.2,15.6,234,8096,42.3,24.96,18.1,1.18,bipod,1,2025-10-02-0021,1,
josh,10/13/2025,6.5PRC,700,2753.3,6.6,18.3,142,8231,42.6,24.38,5,0.96,prone_bag,1,2025-10-13-0055,1,
josh,10/19/2025,7mmPRC,500,3014.5,7.4,34.2,23,8524,52.2,24.65,27.4,0.96,bipod,1,2025-10-19-0532,1,
not josh,10/11/2025,7mmPRC,500,2995,8.2,22.8,28,8428,43,24.84,27,0.49,bipod,0.5,2025-10-11-0594,1,
not josh,10/6/2025,7mmPRC,500,2986.9,11.6,26.7,142,8270,43.1,24.61,41.4,0.81,bipod,1,2025-10-06-0257,1,
josh,9/16/2025,7mmPRC,500,2988.8,8.9,26.7,90,8484,43.3,24.57,9.1,0.91,bipod,1,2025-09-16-0059,1,
josh,10/4/2025,7mmPRC,500,3004,11.8,54.9,262,7974,52.4,24.74,15.1,0.67,bipod,1,2025-10-04-0154,1,
not josh,9/17/2025,6.5PRC,500,2754.1,7.7,24.3,145,7017,43.7,24.81,28.5,0.56,bipod,1,2025-09-17-0416,1,
not josh,10/20/2025,6.5PRC,600,2748,4.7,25.2,173,8174,43.7,24.87,10.8,0.82,prone_bag,0.5,2025-10-20-0093,1,
josh,10/1/2025,6.5PRC,500,2757.4,5.6,18.6,114,8252,43.9,24.97,15.2,1.06,prone_bag,0.75,2025-10-01-0217,1,
josh,10/30/2025,7mmPRC,900,2975.7,4,21.3,216,7759,45,24.72,6.6,0.93,prone_bag,1,2025-10-30-0350,1,
josh,10/8/2025,6.5PRC,800,2752.5,11.8,16.5,172,8013,46.4,24.69,14.7,0.74,bipod,1.5,2025-10-08-0484,1,
josh,10/29/2025,7mmPRC,800,2978.9,5.9,23.4,122,8172,46.5,24.74,32.3,0.69,prone_bag,0.75,2025-10-29-0150,1,
josh,9/20/2025,7mmPRC,400,3001.5,9.8,22.2,336,8124,47,24.96,34.9,0.74,bipod,0.75,2025-09-20-0588,1,
josh,10/6/2025,6.5PRC,700,2746.4,13.1,1.8,114,7685,52.8,24.99,19.6,1.31,bipod,1.5,2025-10-06-0514,0,
josh,10/12/2025,6.5PRC,700,2744.6,8.5,42.6,276,7598,52.9,24.48,12.4,0.61,prone_bag,1,2025-10-12-0251,1,
josh,9/11/2025,6.5PRC,500,2757.9,12.2,20.7,156,7521,47,24.47,22.4,0.93,prone_bag,2,2025-09-11-0096,1,
not josh,10/26/2025,6.5PRC,400,2777.9,9.4,0,342,8281,53.1,24.82,33.1,0.63,bipod,1,2025-10-26-0025,1,
not josh,9/27/2025,6.5PRC,600,2757.4,13.4,22.5,117,7547,47.6,24.93,27.4,1.06,bench,1.5,2025-09-27-0002,1,
not josh,9/22/2025,6.5PRC,500,2747.9,12.6,8.1,162,7733,53.2,24.77,28.5,1.06,prone_bag,0.75,2025-09-22-0417,0,
josh,9/18/2025,7mmPRC,500,2992.7,12,29.1,135,8250,48,24.97,5,0.93,tripod,1.5,2025-09-18-0384,1,
josh,10/29/2025,7mmPRC,700,3008,12.6,19.2,118,8255,48.3,24.6,8.5,0.76,bipod,1,2025-10-29-0452,1,
not josh,9/14/2025,6.5PRC,700,2749.3,11.5,19.2,164,7559,48.4,24.69,20.2,0.98,prone_bag,0.75,2025-09-14-0480,1,
josh,10/8/2025,6.5PRC,700,2743.3,9.8,23.7,356,7569,48.5,25,15.8,0.73,offhand,0.5,2025-10-08-0437,1,
josh,9/1/2025,7mmPRC,500,2990,11.4,15.6,157,8429,48.6,25.02,42.1,0.83,tripod,0.75,2025-09-01-0167,1,
josh,10/1/2025,7mmPRC,500,2977.5,9.2,38.1,128,8539,53.7,24.91,24.2,0.74,prone_bag,1,2025-10-01-0489,1,
josh,9/20/2025,7mmPRC,300,2988.3,4.7,31.2,199,8212,53.8,25.06,5.7,1.18,bipod,0.75,2025-09-20-0535,1,
not josh,10/17/2025,7mmPRC,500,2978,10.2,41.7,275,8245,53.8,24.84,8.6,1.11,bipod,2,2025-10-17-0555,1,
josh,9/2/2025,7mmPRC,400,2979.1,11.3,6.6,229,8572,53.9,24.52,35.9,0.84,prone_bag,1,2025-09-02-0401,1,
not josh,9/13/2025,7mmPRC,800,2991,6.9,33.9,35,7797,53.9,24.68,19.5,0.91,prone_bag,2,2025-09-13-0058,1,
josh,10/31/2025,7mmPRC,600,2993.6,15.1,23.1,304,8107,48.7,24.59,7.6,0.67,prone_bag,2,2025-10-31-0037,1,
not josh,9/5/2025,7mmPRC,600,2997.3,8.2,21.9,243,8581,48.8,24.82,29.5,1.01,prone_bag,1.5,2025-09-05-0303,1,
josh,9/6/2025,7mmPRC,500,3011.3,10.7,5.7,150,7784,54,24.75,5,1.01,bipod,0.75,2025-09-06-0450,1,
josh,9/26/2025,6.5PRC,300,2734,5,33.9,322,7619,54.1,24.43,13.2,0.95,prone_bag,1.5,2025-09-26-0175,1,
josh,10/6/2025,6.5PRC,700,2747.8,14.2,26.1,32,8248,48.8,25.01,13.5,1,bipod,1,2025-10-06-0581,1,
josh,9/27/2025,7mmPRC,400,2977,10.2,46.2,184,8318,54.2,24.95,17.6,0.77,bipod,1,2025-09-27-0287,1,
josh,10/11/2025,7mmPRC,300,2990.7,6.1,18.9,72,8121,49.1,24.56,5.9,0.4,bipod,0.75,2025-10-11-0261,1,
josh,9/30/2025,7mmPRC,900,2991.2,7.1,16.5,172,8005,49.4,24.54,5,0.81,prone_bag,1,2025-09-30-0315,1,
josh,9/2/2025,7mmPRC,400,3000.7,10.8,26.1,103,8358,49.6,24.75,19.8,0.53,bipod,1.5,2025-09-02-0399,1,
josh,11/1/2025,6.5PRC,700,2741.4,7.9,12.6,41,8080,54.5,24.83,19.4,1.1,bipod,2,2025-11-01-0144,0,
not josh,10/15/2025,7mmPRC,500,2972.1,11.1,48.6,30,8251,54.9,24.77,26.2,0.5,prone_bag,2,2025-10-15-0043,1,
not josh,10/9/2025,6.5PRC,500,2740.9,12.1,4.8,117,7326,55,24.76,5.5,0.83,prone_bag,1,2025-10-09-0472,1,
josh,10/9/2025,7mmPRC,800,2973.8,13.8,23.7,339,7851,49.8,24.64,7.3,0.87,prone_bag,2,2025-10-09-0130,1,
josh,9/15/2025,7mmPRC,800,3001.1,7.2,17.7,318,7879,50.2,24.89,18.1,0.92,bipod,2,2025-09-15-0029,1,
josh,9/26/2025,7mmPRC,500,3038.3,11.1,25.2,329,7810,50.4,24.76,14.7,0.85,bipod,1,2025-09-26-0545,1,
josh,9/6/2025,7mmPRC,600,2973.9,8.6,23.4,209,8387,50.6,24.3,9.2,0.84,prone_bag,1,2025-09-06-0445,1,
not josh,10/19/2025,7mmPRC,600,2993.9,9.5,16.5,128,8193,50.7,24.59,16.5,0.63,bench,1,2025-10-19-0100,1,
josh,10/12/2025,6.5PRC,400,2750.8,10.9,31.5,50,7362,55.2,24.71,13.6,0.89,bipod,1,2025-10-12-0003,1,
not josh,9/26/2025,7mmPRC,800,2989.6,8,9.9,283,8088,55.2,24.68,29.3,0.47,bench,1.5,2025-09-26-0573,1,
josh,10/23/2025,6.5PRC,300,2755.5,18.3,31.5,149,8139,55.4,24.6,16.9,1.09,bench,1,2025-10-23-0557,1,
josh,10/6/2025,7mmPRC,500,2994.4,10.7,18,44,7656,51,24.58,5.5,1.19,bipod,1,2025-10-06-0138,1,
josh,11/1/2025,6.5PRC,400,2747.6,7.1,19.2,141,7679,51.2,24.52,35.9,1.01,prone_bag,1,2025-11-01-0508,1,
not josh,9/13/2025,7mmPRC,400,2983.3,7.9,31.2,141,7915,55.5,24.77,15.5,1.01,tripod,0.75,2025-09-13-0585,1,
josh,11/3/2025,7mmPRC,400,2967.2,13.3,35.1,359,7736,55.5,25.02,25.5,0.59,tripod,1,2025-11-03-0233,1,
not josh,9/11/2025,6.5PRC,700,2749.3,13.2,21.6,83,7792,51.6,24.8,27.1,0.87,prone_bag,0.75,2025-09-11-0530,1,
josh,10/21/2025,7mmPRC,1000,2994.2,13.9,41.4,153,8316,55.5,24.67,17,0.96,bipod,1,2025-10-21-0406,0,
not josh,9/30/2025,6.5PRC,500,2758.7,13.5,9.9,251,8026,55.6,24.3,5,0.75,bipod,0.5,2025-09-30-0198,1,
josh,9/1/2025,6.5PRC,500,2747.2,9.5,31.2,79,7757,55.8,24.89,26.7,0.92,bipod,0.75,2025-09-01-0249,1,
josh,11/3/2025,6.5PRC,400,2748.4,8.2,14.7,243,8601,56,24.51,13,0.94,tripod,0.75,2025-11-03-0212,1,
not josh,10/13/2025,7mmPRC,500,2978.8,9,24.3,22,7789,51.9,24.74,24.1,0.94,prone_bag,0.75,2025-10-13-0345,1,
josh,10/27/2025,7mmPRC,800,2973.2,10.6,48.9,97,8208,56,24.57,30.8,0.7,offhand,1,2025-10-27-0456,0,
not josh,9/22/2025,6.5PRC,500,2767.8,12.9,10.5,184,8172,56.1,24.62,22,0.91,bipod,0.75,2025-09-22-0433,1,
josh,10/14/2025,6.5PRC,800,2764.5,10.9,34.2,61,7539,56.1,24.99,34.9,0.8,bench,1.5,2025-10-14-0575,1,
josh,9/23/2025,6.5PRC,900,2747.6,9,7.2,5,7206,56.1,24.81,7.1,0.94,prone_bag,0.75,2025-09-23-0139,1,
not josh,9/22/2025,6.5PRC,700,2751.1,11.2,27.6,8,7772,52,25.24,15.5,0.82,prone_bag,0.5,2025-09-22-0134,1,
not josh,9/15/2025,7mmPRC,900,2981,8.2,28.2,350,8345,52.2,25.18,24.2,0.96,bench,1,2025-09-15-0593,1,
josh,11/2/2025,7mmPRC,800,2971.5,7,39.9,70,8449,56.2,25.07,27.5,0.8,bipod,1,2025-11-02-0513,1,
josh,9/12/2025,7mmPRC,700,2994.6,4.9,39,134,8209,56.3,24.63,26.2,0.69,prone_bag,1,2025-09-12-0427,1,
josh,10/27/2025,6.5PRC,400,2748.3,10.2,36.6,119,7443,56.5,24.84,13,1.24,prone_bag,0.75,2025-10-27-0304,1,
josh,9/4/2025,6.5PRC,600,2746.2,4.2,8.7,334,6975,56.5,24.76,15.8,1.17,bipod,0.5,2025-09-04-0102,1,
josh,11/2/2025,7mmPRC,500,2991.1,6.5,20.4,312,8462,52.3,24.85,19.9,0.74,bench,1,2025-11-02-0563,1,
josh,10/20/2025,6.5PRC,400,2758.7,15.7,29.7,301,7687,52.4,24.72,17.5,0.87,bipod,2,2025-10-20-0091,1,
josh,9/21/2025,6.5PRC,700,2749.4,15.3,25.5,39,8094,52.5,24.56,10.3,0.8,prone_bag,1.5,2025-09-21-0010,1,
josh,11/1/2025,7mmPRC,400,2996.8,8.5,18.3,192,8254,52.6,24.38,29.2,0.9,bipod,1,2025-11-01-0403,1,
josh,10/27/2025,6.5PRC,500,2745.1,6.9,21.3,214,7883,52.6,24.91,14.2,1.07,bipod,1,2025-10-27-0221,1,
not josh,9/25/2025,6.5PRC,400,2755.7,6.5,15.6,168,8211,52.7,25.25,20,1.03,bipod,2,2025-09-25-0064,1,
josh,10/24/2025,6.5PRC,600,2756.9,5.8,38.1,78,7702,56.9,24.7,14.2,1.09,tripod,1,2025-10-24-0094,1,
josh,10/18/2025,7mmPRC,500,3011.5,8.6,23.1,193,8097,52.7,25.11,33.9,0.94,prone_bag,1,2025-10-18-0483,1,
not josh,10/10/2025,7mmPRC,300,2997.4,5.5,24.3,334,8244,53,24.89,12.2,0.95,bipod,1.5,2025-10-10-0128,1,
not josh,10/9/2025,6.5PRC,600,2750.3,11.6,23.7,331,8092,53.1,24.53,39.8,0.83,bipod,1.5,2025-10-09-0323,1,
josh,10/28/2025,6.5PRC,300,2751.1,10,23.4,83,7626,53.3,25.1,18.9,0.79,prone_bag,1,2025-10-28-0187,1,
not josh,10/4/2025,7mmPRC,800,2981.4,7,22.5,55,8324,53.4,24.49,11.3,1.11,bench,0.75,2025-10-04-0288,1,
not josh,9/18/2025,7mmPRC,900,2994,12.7,8.4,309,8186,57.4,24.88,32.4,0.58,bench,0.5,2025-09-18-0478,1,
josh,9/2/2025,6.5PRC,800,2742.8,8.3,22.5,198,7786,53.4,24.86,5,0.8,offhand,1,2025-09-02-0492,1,
josh,9/18/2025,7mmPRC,900,2978.2,12.1,6,1,8519,57.5,24.78,5,0.82,prone_bag,2,2025-09-18-0405,1,
not josh,9/19/2025,7mmPRC,400,2981.2,10.5,27,50,8173,53.5,24.96,17.6,0.79,bipod,1,2025-09-19-0132,1,
not josh,10/26/2025,7mmPRC,600,3001.6,10.7,21,162,8150,53.6,25.33,25.6,0.76,prone_bag,1,2025-10-26-0186,1,
not josh,10/19/2025,6.5PRC,300,2750.3,6.2,21.6,220,7612,54,24.65,17.1,1.06,bipod,0.5,2025-10-19-0517,1,
josh,10/3/2025,6.5PRC,700,2761.1,9.1,18.3,170,7942,54.2,24.85,9.4,0.77,bench,0.5,2025-10-03-0368,1,
josh,10/19/2025,7mmPRC,300,3006.6,9.6,12,351,8291,57.8,25.49,22.9,0.77,bench,1,2025-10-19-0278,1,
not josh,9/11/2025,7mmPRC,700,2995.5,12.7,2.4,348,8612,57.9,24.42,5,0.54,offhand,0.75,2025-09-11-0515,0,
not josh,10/22/2025,7mmPRC,500,2988.2,10.2,36,131,7882,58.1,25.1,12.6,0.69,bench,1,2025-10-22-0024,1,
josh,9/28/2025,7mmPRC,900,2974.3,2.9,24.3,67,7864,54.2,24.93,13.6,0.9,bipod,0.5,2025-09-28-0124,1,
josh,10/3/2025,6.5PRC,700,2746.3,11.4,16.2,282,7691,54.3,24.56,24.9,0.86,prone_bag,0.75,2025-10-03-0005,1,
josh,10/20/2025,7mmPRC,400,2998.5,12.1,5.1,270,7952,58.3,24.95,14.8,0.68,bipod,1,2025-10-20-0546,1,
josh,11/3/2025,7mmPRC,600,2970.4,6.5,21.3,118,8074,55,24.54,34,0.57,bipod,0.75,2025-11-03-0466,1,
josh,10/11/2025,7mmPRC,700,3011.7,6.9,26.7,151,7813,55,24.7,24.6,1.05,tripod,2,2025-10-11-0410,1,
josh,9/4/2025,7mmPRC,700,2990.6,11.1,35.1,56,8473,58.5,25.08,22.3,0.98,prone_bag,1,2025-09-04-0250,1,
josh,9/6/2025,7mmPRC,500,2993.8,6.4,26.1,24,8563,55.1,24.46,19.8,0.67,bipod,1.5,2025-09-06-0044,1,
not josh,9/7/2025,7mmPRC,400,2985.2,8,14.1,279,8326,58.6,24.67,13.4,0.61,prone_bag,0.75,2025-09-07-0194,1,
josh,9/11/2025,7mmPRC,500,3004.4,6.3,27.3,133,7889,55.4,24.66,26,0.71,bipod,1.5,2025-09-11-0268,1,
not josh,9/22/2025,6.5PRC,700,2764.9,12.4,12.6,228,7646,58.6,24.64,25,1.02,prone_bag,0.75,2025-09-22-0330,0,
josh,9/21/2025,6.5PRC,700,2762.3,8.7,17.1,214,8149,55.4,25.02,24.3,0.88,bipod,0.75,2025-09-21-0215,1,
josh,10/30/2025,7mmPRC,300,2978.6,4.6,5.1,93,8088,58.7,24.62,26.5,0.84,bipod,1,2025-10-30-0486,1,
josh,11/1/2025,6.5PRC,500,2768.9,11.3,35.1,204,7150,58.7,24.88,22.2,1.14,prone_bag,1,2025-11-01-0476,1,
josh,9/27/2025,7mmPRC,500,2995.9,9.5,17.4,4,8209,56.2,24.64,17.1,0.89,bipod,1,2025-09-27-0133,1,
josh,9/9/2025,7mmPRC,500,3010.4,7,27.6,284,8293,56.2,24.95,27.8,0.92,prone_bag,1,2025-09-09-0267,1,
not josh,9/26/2025,7mmPRC,700,2994.2,9.8,21.6,15,8144,56.5,24.58,41.5,0.81,prone_bag,0.75,2025-09-26-0524,1,
not josh,10/15/2025,7mmPRC,1000,2985.3,6.8,26.1,257,8204,56.5,25.01,9,0.64,prone_bag,0.75,2025-10-15-0529,1,
josh,9/6/2025,7mmPRC,700,2986.6,7.1,21.9,158,8427,56.6,24.7,18,0.6,bench,0.75,2025-09-06-0252,1,
josh,9/17/2025,6.5PRC,900,2737.2,4.4,7.8,321,7723,59,24.64,20.8,0.86,tripod,1,2025-09-17-0497,0,
josh,9/29/2025,7mmPRC,600,3010.7,4.4,34.5,172,8101,59.1,24.59,16.7,1.11,tripod,1,2025-09-29-0020,1,
josh,10/7/2025,7mmPRC,400,2995.8,9,8.1,316,8418,59.2,25.03,12.9,0.53,bench,1,2025-10-07-0366,1,
josh,9/5/2025,7mmPRC,500,3004.8,8.8,39.6,141,7608,59.2,24.79,12.7,1.33,bipod,0.75,2025-09-05-0265,0,
josh,10/11/2025,7mmPRC,800,2996.4,14.9,21.6,126,9109,56.6,24.85,16,0.92,bench,1.5,2025-10-11-0211,1,
josh,10/7/2025,7mmPRC,800,2986.7,4.4,9.9,214,8044,59.2,25.15,25.4,0.67,bipod,1.5,2025-10-07-0389,1,
not josh,10/1/2025,6.5PRC,600,2747.9,5,11.4,256,8051,59.3,24.74,12.5,0.91,prone_bag,2,2025-10-01-0255,1,
josh,9/18/2025,6.5PRC,600,2754,9.4,30,86,7167,59.4,25.2,21.3,0.96,prone_bag,0.75,2025-09-18-0101,1,
not josh,10/16/2025,7mmPRC,600,2990.1,12.6,16.8,84,8056,56.8,24.91,15.2,0.74,bench,1,2025-10-16-0586,1,
josh,10/8/2025,7mmPRC,400,2979.8,5.9,15,292,8266,59.6,24.84,25,0.72,bipod,1,2025-10-08-0285,1,
josh,10/26/2025,7mmPRC,700,3008.1,6.1,36.9,292,8069,59.6,24.91,14,0.96,bipod,0.75,2025-10-26-0521,1,
not josh,10/21/2025,6.5PRC,800,2737.9,12.3,16.2,22,7940,57.1,25.11,15.8,0.99,tripod,1,2025-10-21-0558,1,
josh,9/17/2025,7mmPRC,700,2974.1,4.4,22.8,81,8668,57.2,25.06,23.5,0.94,tripod,1,2025-09-17-0237,1,
josh,11/3/2025,6.5PRC,300,2737.9,14.9,51,323,7943,59.8,24.54,35.5,0.97,tripod,1,2025-11-03-0462,1,
not josh,9/18/2025,6.5PRC,800,2760.1,14.4,21.6,16,7183,57.2,24.96,10.3,0.91,bipod,0.5,2025-09-18-0157,1,
not josh,9/6/2025,7mmPRC,900,2997.5,5.2,45.3,162,8397,59.8,25.12,21.6,0.84,bipod,1,2025-09-06-0135,0,
not josh,10/15/2025,7mmPRC,600,2966,13.6,9.3,148,8481,59.9,24.33,24.5,1.08,bipod,1,2025-10-15-0379,1,
josh,10/26/2025,7mmPRC,800,3001.1,9.8,6.3,347,8455,59.9,24.69,27.5,0.82,bench,0.75,2025-10-26-0512,1,
josh,9/8/2025,7mmPRC,500,2990.2,10.2,18.9,258,8294,57.5,24.48,20.1,0.63,bipod,0.75,2025-09-08-0246,1,
josh,9/20/2025,7mmPRC,1000,2991.4,7.3,21.9,58,8764,57.5,24.88,17.7,0.87,bipod,2,2025-09-20-0062,1,
josh,10/21/2025,6.5PRC,800,2749.3,12.6,17.7,219,8049,57.6,24.65,16,0.71,tripod,1,2025-10-21-0407,1,
not josh,10/13/2025,7mmPRC,600,2986.1,5.8,27.9,98,8102,57.7,24.74,42.4,0.4,bench,0.5,2025-10-13-0318,1,
josh,10/28/2025,6.5PRC,800,2749.4,9.4,15.9,22,8166,57.7,24.71,16.5,1.06,bipod,0.75,2025-10-28-0001,1,
josh,10/14/2025,7mmPRC,500,3000.8,6.9,41.7,315,8105,60.3,24.95,20.2,0.79,bipod,2,2025-10-14-0419,1,
josh,9/14/2025,7mmPRC,300,3000.4,11.7,31.5,84,7978,60.4,24.74,18,1.26,prone_bag,1,2025-09-14-0326,0,
josh,10/12/2025,7mmPRC,700,2988,11.8,2.4,93,8058,60.4,25.18,5,0.83,prone_bag,1,2025-10-12-0564,1,
josh,9/8/2025,6.5PRC,700,2752.7,12.9,27.6,135,7323,58.1,24.95,5,0.74,tripod,1,2025-09-08-0089,1,
josh,9/23/2025,7mmPRC,400,2979.5,13.8,36.6,201,8159,60.5,24.64,28.9,0.77,tripod,1,2025-09-23-0343,1,
not josh,10/10/2025,7mmPRC,500,2997.3,9.5,39,311,8172,60.5,25.14,36.2,0.85,prone_bag,1.5,2025-10-10-0434,1,
josh,10/6/2025,7mmPRC,500,2981.1,11.8,24.3,357,8115,58.4,24.84,26.2,0.65,bench,1,2025-10-06-0065,1,
josh,10/23/2025,6.5PRC,1000,2744.3,10.8,24.6,324,7712,58.4,24.75,21.5,1.24,prone_bag,0.75,2025-10-23-0019,1,
josh,9/6/2025,6.5PRC,400,2738.7,8.4,24.9,26,7811,58.6,24.79,17.9,0.66,prone_bag,0.75,2025-09-06-0116,1,
not josh,10/26/2025,7mmPRC,600,2996.6,11.2,12.9,115,7900,60.6,24.83,5,0.81,prone_bag,0.75,2025-10-26-0147,1,
not josh,10/26/2025,6.5PRC,700,2751.2,9.1,47.1,61,8394,60.7,24.81,16.3,1.17,bipod,1.5,2025-10-26-0231,1,
not josh,9/25/2025,7mmPRC,1000,2966.1,4.5,13.8,358,7722,60.7,24.88,5.7,1.01,bench,1,2025-09-25-0380,1,
josh,10/28/2025,7mmPRC,400,2984,4,11.4,117,7893,60.8,24.75,16.6,0.97,prone_bag,2,2025-10-28-0068,1,
not josh,10/23/2025,7mmPRC,300,2987.4,11,17.1,295,8376,58.7,24.61,10.4,1.14,offhand,0.75,2025-10-23-0177,1,
josh,10/5/2025,7mmPRC,700,3001.9,10.3,18.6,237,8243,58.7,24.63,20.7,0.73,prone_bag,0.5,2025-10-05-0313,1,
josh,10/21/2025,6.5PRC,300,2756.9,9.5,30.3,81,7894,60.9,24.83,24.5,0.89,prone_bag,0.75,2025-10-21-0398,1,
not josh,9/20/2025,7mmPRC,900,2998.5,8.8,10.2,287,8157,61,24.82,21.6,1.06,bipod,1,2025-09-20-0182,1,
not josh,10/13/2025,7mmPRC,300,3000,11.5,33,52,8361,61.1,24.7,11.9,1.11,bench,1,2025-10-13-0485,1,
not josh,9/26/2025,7mmPRC,1000,2980.6,8.6,16.8,269,8889,58.7,25.11,18,0.9,prone_bag,1,2025-09-26-0200,1,
not josh,9/10/2025,7mmPRC,500,3013.7,5.9,31.2,355,7993,61.2,24.67,25.6,0.88,tripod,2,2025-09-10-0247,1,
josh,10/2/2025,6.5PRC,500,2745.1,8.6,38.7,198,7787,61.2,24.71,24.6,1.22,prone_bag,2,2025-10-02-0496,0,
josh,9/21/2025,7mmPRC,300,2982.2,10.6,26.4,68,7765,59,24.85,11,0.89,tripod,1,2025-09-21-0038,1,
josh,10/3/2025,6.5PRC,800,2757.4,6.5,27.6,214,7840,59,24.89,21.6,0.41,prone_bag,2,2025-10-03-0591,1,
josh,9/13/2025,7mmPRC,500,2977.3,12.9,10.2,195,8070,61.5,25.2,15.8,0.72,tripod,0.75,2025-09-13-0310,1,
josh,10/30/2025,7mmPRC,600,3011.9,4.4,36.3,339,7894,61.5,24.75,10.4,0.65,prone_bag,0.5,2025-10-30-0163,1,
josh,10/3/2025,6.5PRC,500,2754.9,11.7,14.1,192,8015,61.7,24.55,18.3,1.23,offhand,0.75,2025-10-03-0239,0,
josh,10/31/2025,7mmPRC,500,2983.3,5.6,1.5,176,7824,61.7,25,14.4,1.16,bench,0.75,2025-10-31-0424,1,
josh,11/4/2025,6.5PRC,700,2737.1,10.7,24.6,114,7637,59.2,24.83,13.8,0.92,bench,1.5,2025-11-04-0459,1,
josh,9/16/2025,7mmPRC,800,2987.4,7.8,27.6,104,8124,59.4,24.82,13.2,0.96,bipod,1.5,2025-09-16-0108,1,
josh,10/10/2025,6.5PRC,600,2757.1,7.8,25.8,54,8459,59.7,24.66,18.3,0.97,bipod,1,2025-10-10-0271,1,
not josh,9/29/2025,7mmPRC,800,2966.6,5.1,25.5,309,8105,59.7,24.63,28.8,1.01,prone_bag,1.5,2025-09-29-0000,1,
josh,9/14/2025,7mmPRC,300,2991.6,7.5,43.8,299,8168,62.2,25.04,25.9,0.84,tripod,0.5,2025-09-14-0388,1,
josh,10/21/2025,7mmPRC,500,2976,6.9,26.1,82,7590,59.8,24.86,17.2,0.96,tripod,1,2025-10-21-0522,1,
not josh,10/4/2025,6.5PRC,500,2763.2,7.8,16.8,6,7803,60,24.85,40.9,1.02,bench,0.75,2025-10-04-0289,1,
josh,9/20/2025,7mmPRC,500,2980.7,11.9,9.3,210,8290,62.4,24.99,18.7,1.01,prone_bag,0.75,2025-09-20-0506,1,
josh,10/22/2025,6.5PRC,600,2765,14.3,57.6,290,8027,62.4,24.99,14.4,0.97,prone_bag,1.5,2025-10-22-0438,1,
josh,9/15/2025,6.5PRC,400,2731.5,12,20.7,238,7621,60.1,24.96,21.8,0.82,tripod,1,2025-09-15-0073,1,
josh,10/16/2025,7mmPRC,500,2961.4,10.6,2.7,109,8640,62.5,25,11,0.54,bipod,0.5,2025-10-16-0156,1,
josh,10/13/2025,6.5PRC,800,2763.6,12.3,4.8,10,7706,62.5,24.96,29.1,1.01,tripod,1.5,2025-10-13-0223,1,
josh,10/18/2025,7mmPRC,300,2999.4,8.4,12,274,8219,62.6,24.99,23.9,0.94,bipod,1.5,2025-10-18-0376,1,
josh,10/4/2025,7mmPRC,700,2992,11.6,12.3,250,8036,62.7,25.37,23,1.17,prone_bag,0.75,2025-10-04-0320,1,
josh,9/14/2025,7mmPRC,600,2992.1,8.4,23.4,342,8591,60.1,24.72,14.4,0.74,bipod,0.5,2025-09-14-0402,1,
josh,10/22/2025,7mmPRC,300,2992.5,4.8,33.9,97,8234,62.8,25.09,15.6,0.7,bench,1.5,2025-10-22-0467,1,
josh,10/13/2025,7mmPRC,400,2995.7,7.8,36.3,270,8509,62.8,24.99,22.7,0.74,prone_bag,0.75,2025-10-13-0077,1,
josh,9/11/2025,7mmPRC,400,2983.6,7.8,24.6,206,8542,60.3,24.56,25.4,0.75,bench,1.5,2025-09-11-0195,1,
josh,9/17/2025,7mmPRC,300,2989.8,8.2,19.2,69,8221,60.5,24.59,28,0.65,bipod,1,2025-09-17-0340,1,
josh,9/12/2025,6.5PRC,800,2756.7,7.1,36,328,8150,62.8,24.5,18.9,0.99,tripod,1,2025-09-12-0479,1,
josh,9/2/2025,6.5PRC,600,2735.4,8.4,27.9,335,7716,60.5,24.94,30.8,0.89,prone_bag,0.5,2025-09-02-0471,1,
josh,10/12/2025,6.5PRC,400,2760.7,10.9,37.5,39,7856,63,24.82,5,0.93,bipod,2,2025-10-12-0359,1,
josh,10/20/2025,6.5PRC,700,2750.4,10,36.6,343,8156,63,24.7,24.9,0.84,offhand,1,2025-10-20-0069,0,
josh,11/3/2025,6.5PRC,600,2734,5.6,30.9,93,7019,63.1,24.7,33.1,0.85,bipod,0.5,2025-11-03-0136,1,
josh,9/29/2025,7mmPRC,700,2992.6,6.2,29.7,2,7815,60.5,24.74,23,0.87,bipod,1.5,2025-09-29-0226,1,
not josh,11/2/2025,7mmPRC,800,3008.1,10.9,15.6,345,7895,60.5,24.56,13.3,0.91,prone_bag,1,2025-11-02-0022,1,
josh,9/10/2025,6.5PRC,700,2732.5,6.6,13.5,319,7924,63.3,25.01,27.5,1.16,bipod,1.5,2025-09-10-0439,1,
not josh,9/2/2025,7mmPRC,1000,2993.1,11.5,27.3,180,8610,60.8,24.9,23.7,0.79,prone_bag,0.75,2025-09-02-0155,1,
not josh,9/18/2025,7mmPRC,500,2971.5,7.1,19.2,224,8079,61.1,25.09,28.1,0.65,bipod,0.75,2025-09-18-0371,1,
josh,9/2/2025,7mmPRC,400,3013.3,11.2,41.4,170,7946,63.5,24.61,17.7,1,offhand,0.75,2025-09-02-0232,1,
josh,11/4/2025,7mmPRC,1000,2989.9,8.5,28.2,279,8622,61.4,24.93,5,0.84,prone_bag,1,2025-11-04-0013,1,
josh,9/2/2025,7mmPRC,800,2962.7,10.9,22.5,319,7896,61.9,24.68,14.7,0.97,bipod,0.5,2025-09-02-0115,1,
not josh,10/9/2025,7mmPRC,900,2993.4,6.9,22.8,148,7720,62,24.89,17.7,0.53,prone_bag,1,2025-10-09-0112,1,
josh,10/30/2025,7mmPRC,700,3004.7,7.1,31.8,256,8038,63.7,24.77,28.7,0.74,bench,0.75,2025-10-30-0113,1,
not josh,10/10/2025,7mmPRC,700,3007,8.9,30.6,301,7766,63.7,24.79,32.3,0.74,bipod,1.5,2025-10-10-0523,1,
josh,9/20/2025,7mmPRC,400,2987.3,12,15.6,303,7754,62.1,24.45,17.6,1.11,bench,1.5,2025-09-20-0180,1,
josh,9/5/2025,6.5PRC,600,2785,11.2,12,29,7160,64,24.64,15.8,0.83,bipod,1.5,2025-09-05-0009,1,
josh,9/2/2025,7mmPRC,300,2993.6,5.7,32.4,170,8517,64.1,24.43,10.3,0.96,bipod,0.5,2025-09-02-0305,1,
josh,10/11/2025,7mmPRC,700,2991.8,11.4,24.3,295,9153,62.3,24.84,5,0.74,bipod,1.5,2025-10-11-0385,1,
josh,9/19/2025,7mmPRC,700,2987.2,12.3,17.7,52,7938,62.3,24.9,36.4,0.92,prone_bag,1,2025-09-19-0408,1,
not josh,10/26/2025,6.5PRC,500,2729.2,13.4,42,342,7689,64.4,25.02,15.3,1.12,prone_bag,0.5,2025-10-26-0286,1,
josh,10/23/2025,6.5PRC,600,2731.3,12.9,42.3,335,7560,64.5,24.65,13.7,1.1,prone_bag,0.5,2025-10-23-0084,1,
josh,10/14/2025,7mmPRC,900,2998.3,12.6,37.2,173,7722,64.5,25,5,0.85,prone_bag,1.5,2025-10-14-0120,0,
josh,10/28/2025,6.5PRC,500,2771.8,10,45.3,85,8025,64.6,24.79,13.8,0.97,bipod,1,2025-10-28-0361,1,
josh,9/1/2025,7mmPRC,700,2979.8,8.1,6.3,347,8022,64.7,25.04,12.7,0.72,bipod,1,2025-09-01-0015,1,
josh,10/21/2025,6.5PRC,700,2736.2,7.2,16.5,50,7450,62.4,24.95,5,0.96,bench,1.5,2025-10-21-0105,1,
josh,10/10/2025,7mmPRC,600,3002.8,9.3,52.2,203,8086,64.9,24.64,16.5,0.9,bipod,1.5,2025-10-10-0143,1,
not josh,9/16/2025,6.5PRC,600,2748.8,10.1,29.7,13,8560,62.8,24.93,5,0.85,bipod,2,2025-09-16-0378,1,
josh,11/2/2025,7mmPRC,700,2997.6,11.1,19.5,307,8288,62.8,24.92,26,0.4,bench,0.5,2025-11-02-0583,1,
josh,10/13/2025,7mmPRC,500,2995.9,8.2,24.9,161,8232,63.2,24.95,25.6,0.86,prone_bag,0.75,2025-10-13-0142,1,
josh,9/12/2025,6.5PRC,600,2763.2,13,28.5,358,8064,63.2,24.91,16.8,0.97,bench,1.5,2025-09-12-0542,1,
josh,9/16/2025,7mmPRC,500,3006.5,6,35.7,167,8173,65.1,24.89,29.9,0.87,bench,1.5,2025-09-16-0173,1,
josh,10/26/2025,7mmPRC,600,2991.5,7.8,10.8,335,8100,65.1,24.76,5.9,1.05,tripod,1,2025-10-26-0334,1,
josh,10/17/2025,7mmPRC,600,2976.7,11.3,5.4,0,8101,65.1,25.09,14.2,0.72,bipod,0.5,2025-10-17-0502,1,
josh,10/4/2025,6.5PRC,500,2759.4,6.2,7.2,351,8302,65.3,24.72,10.7,0.85,prone_bag,1,2025-10-04-0337,1,
not josh,9/1/2025,7mmPRC,700,2992,5.1,11.7,194,8215,65.5,24.46,25,0.69,bench,0.75,2025-09-01-0552,1,
josh,9/17/2025,6.5PRC,600,2744.3,8.7,47.7,72,7342,65.7,24.6,29.1,1.01,bench,0.75,2025-09-17-0355,1,
josh,9/26/2025,6.5PRC,700,2762.8,7.1,57.9,0,7912,65.7,24.91,38.8,1.11,tripod,2,2025-09-26-0230,0,
not josh,10/20/2025,6.5PRC,300,2749.5,10.2,34.2,245,8351,65.8,24.69,27.9,0.81,prone_bag,1,2025-10-20-0311,1,
josh,10/29/2025,6.5PRC,800,2751,5.7,52.2,104,7791,65.8,24.88,16.3,0.8,tripod,1,2025-10-29-0281,1,
not josh,9/22/2025,7mmPRC,700,2974.9,12.1,18.3,0,7867,63.4,24.7,15.3,1,tripod,2,2025-09-22-0207,1,
not josh,9/9/2025,6.5PRC,700,2762.3,11.3,27.6,70,7687,63.5,25.04,19.5,1.06,bipod,1,2025-09-09-0567,1,
josh,10/19/2025,7mmPRC,700,2981.2,10.1,29.4,310,8296,63.6,25.12,9.3,0.84,bipod,1,2025-10-19-0107,1,
not josh,10/12/2025,6.5PRC,600,2747.9,10.2,34.8,140,7770,66,24.69,25.7,1.03,bipod,1,2025-10-12-0272,1,
josh,9/16/2025,7mmPRC,700,2969.8,4.7,8.1,108,7900,66,24.62,16.2,1.11,bench,1,2025-09-16-0006,1,
not josh,10/15/2025,7mmPRC,300,2988.7,8.7,23.1,226,8143,63.8,24.95,7.7,0.64,bipod,1,2025-10-15-0319,1,
josh,10/22/2025,7mmPRC,900,2983.6,2.9,9.3,330,8650,66,24.65,18.3,0.85,tripod,0.75,2025-10-22-0203,0,
josh,9/13/2025,7mmPRC,400,3004.9,11.9,5.7,347,8448,66.1,24.48,19.8,0.92,prone_bag,1,2025-09-13-0092,1,
not josh,10/30/2025,6.5PRC,600,2745.8,6.5,33.6,152,7597,66.1,24.91,38.4,0.91,prone_bag,1,2025-10-30-0088,1,
not josh,11/1/2025,6.5PRC,600,2748.2,11.8,12,246,7413,66.1,24.58,9,1.12,bipod,1.5,2025-11-01-0553,1,
josh,10/20/2025,6.5PRC,900,2750.5,13.3,15.9,192,8222,64.1,24.89,21.3,0.85,prone_bag,1,2025-10-20-0590,1,
not josh,9/6/2025,7mmPRC,900,2971.2,10.9,37.5,149,8175,66.1,24.71,11.5,1.06,bipod,1.5,2025-09-06-0375,0,
not josh,9/8/2025,7mmPRC,700,2966.2,12.7,24.3,71,8531,64.2,24.89,23.6,0.99,prone_bag,1,2025-09-08-0153,1,
josh,10/20/2025,6.5PRC,700,2756.6,10.7,30.6,139,7787,66.2,24.65,23.7,1.08,prone_bag,0.5,2025-10-20-0210,1,
josh,11/4/2025,7mmPRC,500,2991.3,5.9,25.2,90,8353,64.9,24.91,34.1,1.04,prone_bag,1.5,2025-11-04-0349,1,
josh,9/6/2025,7mmPRC,600,2979.5,8,25.2,87,7872,65,25.12,15.1,0.93,bipod,1,2025-09-06-0219,1,
josh,10/9/2025,6.5PRC,400,2759.8,8.6,14.1,68,7471,66.3,25.07,16,0.91,offhand,1,2025-10-09-0448,0,
not josh,10/11/2025,6.5PRC,600,2774.5,8.1,21,214,7535,65,24.65,18.1,1.12,prone_bag,1.5,2025-10-11-0352,1,
josh,10/20/2025,7mmPRC,400,2994.4,8.8,16.8,114,7630,65.1,24.84,25.6,0.58,prone_bag,0.75,2025-10-20-0240,1,
not josh,9/3/2025,7mmPRC,400,2996.7,1.2,31.8,327,8032,66.8,24.8,18.1,0.83,bipod,1,2025-09-03-0510,1,
josh,9/2/2025,7mmPRC,700,2987.7,1.9,44.7,111,8133,66.8,25.09,23,1.14,offhand,1,2025-09-02-0469,1,
josh,10/29/2025,6.5PRC,400,2737.3,12.3,28.2,79,8129,65.9,24.84,32,1.04,prone_bag,0.75,2025-10-29-0264,1,
josh,10/7/2025,7mmPRC,600,2987.1,8.1,16.2,66,8266,65.9,24.86,16.8,0.63,prone_bag,0.75,2025-10-07-0263,1,
josh,9/17/2025,7mmPRC,600,2972.5,5.8,40.2,286,7980,67,24.63,27.6,0.64,prone_bag,1.5,2025-09-17-0465,1,
not josh,10/24/2025,6.5PRC,900,2766.2,10,26.4,114,7471,66,24.81,7,0.94,bipod,2,2025-10-24-0052,1,
josh,9/9/2025,6.5PRC,300,2749.1,11.8,3,130,7319,67.3,24.41,15.5,0.98,bipod,1.5,2025-09-09-0443,1,
josh,9/16/2025,6.5PRC,700,2750.1,7.7,21,0,7396,66.1,24.92,44.7,0.83,bipod,1.5,2025-09-16-0299,1,
not josh,10/18/2025,7mmPRC,500,2992,7.6,32.1,103,8479,67.3,24.75,5,1,bipod,1,2025-10-18-0122,1,
josh,10/17/2025,6.5PRC,500,2745.3,7.3,32.7,186,7448,67.7,25.21,34.9,0.65,bipod,0.75,2025-10-17-0430,1,
josh,9/6/2025,7mmPRC,700,2967.7,9.3,35.1,204,8739,67.7,24.73,11.1,0.85,tripod,1,2025-09-06-0050,1,
josh,9/6/2025,6.5PRC,700,2737,9.5,15,316,7424,67.7,24.88,5,0.93,prone_bag,0.75,2025-09-06-0053,1,
josh,9/29/2025,6.5PRC,700,2742.5,7.5,39.6,341,8202,67.8,24.71,17.6,0.79,tripod,1,2025-09-29-0266,1,
josh,10/3/2025,7mmPRC,700,2994.3,6.3,3,176,8322,67.8,24.76,8.5,0.87,prone_bag,0.5,2025-10-03-0292,1,
not josh,9/8/2025,7mmPRC,500,2994.7,15.8,26.4,357,7967,66.2,24.71,6.1,0.99,prone_bag,0.5,2025-09-08-0390,1,
josh,9/13/2025,7mmPRC,800,3005.5,10.2,33.3,306,7929,67.9,24.95,14.2,0.96,bench,0.75,2025-09-13-0082,0,
josh,9/4/2025,6.5PRC,900,2762.8,8,16.5,2,7854,66.2,24.64,19.3,0.93,bipod,0.5,2025-09-04-0273,1,
not josh,9/16/2025,7mmPRC,400,2990.8,5.8,15,322,8319,68.3,24.68,29.9,1.08,offhand,0.75,2025-09-16-0061,1,
not josh,10/14/2025,7mmPRC,700,2963.4,10,38.4,1,8154,68.3,24.66,18.8,0.53,prone_bag,0.75,2025-10-14-0106,1,
josh,9/16/2025,7mmPRC,1000,2987.3,11.2,24.6,354,7864,66.2,24.92,20.9,0.89,prone_bag,1,2025-09-16-0123,1,
josh,10/15/2025,7mmPRC,800,2961,12.8,41.7,73,8208,68.4,24.91,13.6,0.96,prone_bag,0.75,2025-10-15-0276,1,
josh,10/3/2025,6.5PRC,900,2752,9.1,24,273,7876,66.5,25.22,11.5,1.12,prone_bag,1,2025-10-03-0206,1,
not josh,10/26/2025,7mmPRC,1000,2968.9,8,39.3,264,7765,68.5,25.04,20.8,0.96,bipod,0.75,2025-10-26-0425,0,
josh,10/23/2025,6.5PRC,600,2772,6.4,42.3,299,8106,68.7,24.63,21.5,0.86,offhand,2,2025-10-23-0291,0,
not josh,9/13/2025,7mmPRC,700,3021.2,9.7,41.1,155,8227,68.7,24.79,18.3,0.69,bipod,1.5,2025-09-13-0032,1,
not josh,9/15/2025,7mmPRC,400,2982.5,12.2,28.2,290,8108,66.7,24.79,20.1,0.98,tripod,0.5,2025-09-15-0236,1,
not josh,9/21/2025,7mmPRC,800,2996.9,4.9,15.9,198,8231,66.8,24.78,22.5,0.87,bench,1,2025-09-21-0554,1,
josh,9/14/2025,7mmPRC,700,3016.9,13.3,20.4,116,8104,67,24.63,31.7,0.92,bipod,1,2025-09-14-0269,1,
josh,10/27/2025,7mmPRC,400,2985.2,9.2,20.7,182,8125,67.3,24.58,5,0.78,bipod,1.5,2025-10-27-0224,1,
josh,10/22/2025,6.5PRC,700,2742.8,11.7,27.9,58,7380,67.8,24.52,26.3,0.85,prone_bag,2,2025-10-22-0559,1,
josh,9/12/2025,6.5PRC,800,2763.3,14.1,15,79,7610,69.2,24.33,5,0.89,prone_bag,0.5,2025-09-12-0162,1,
josh,10/26/2025,7mmPRC,900,2987.9,12.1,13.5,276,7713,69.2,24.93,24.8,0.93,prone_bag,1,2025-10-26-0170,1,
josh,10/19/2025,7mmPRC,900,2976.3,5.6,29.4,119,8217,68.2,24.76,22.8,0.88,bipod,0.5,2025-10-19-0049,1,
josh,10/27/2025,7mmPRC,900,3001.7,2.5,30.9,113,8971,69.3,24.57,22.8,0.59,prone_bag,1,2025-10-27-0423,1,
josh,10/19/2025,6.5PRC,1000,2741.3,11.7,1.8,258,8182,69.4,24.98,25.6,0.92,prone_bag,1,2025-10-19-0367,0,
josh,9/8/2025,7mmPRC,800,2981.1,7.4,12.6,211,8590,69.5,24.92,32.5,1.41,tripod,2,2025-09-08-0145,0,
josh,11/4/2025,7mmPRC,500,2996,9.4,12.9,12,8253,69.6,24.89,19,1.18,tripod,0.75,2025-11-04-0307,1,
josh,9/15/2025,6.5PRC,800,2728,11.5,20.1,212,7760,68.3,24.71,17.3,0.93,tripod,0.75,2025-09-15-0582,1,
not josh,10/27/2025,7mmPRC,700,2989.4,8.7,14.1,77,8398,69.8,24.92,35.4,1.14,prone_bag,2,2025-10-27-0085,1,
josh,9/12/2025,6.5PRC,700,2737.4,12,29.4,76,8252,68.5,25.01,24.8,1.15,bench,1,2025-09-12-0548,1,
not josh,10/28/2025,6.5PRC,800,2750.9,8.6,43.5,54,7964,70,24.27,19.3,1.37,bipod,1,2025-10-28-0415,0,
josh,9/19/2025,7mmPRC,900,2989.9,8.4,9.3,40,7730,70.3,24.73,9.8,0.83,bipod,0.75,2025-09-19-0048,1,
josh,10/20/2025,7mmPRC,800,2976.8,7.6,15.9,93,8235,68.8,25.25,19.8,1.07,prone_bag,0.75,2025-10-20-0533,1,
josh,9/1/2025,6.5PRC,800,2743.7,14.5,18.6,156,7926,68.9,25.14,16.8,0.82,bipod,1.5,2025-09-01-0507,1,
josh,10/18/2025,7mmPRC,400,2994,9.2,29.7,149,8352,69,24.73,41.2,0.9,bipod,2,2025-10-18-0146,1,
not josh,9/21/2025,6.5PRC,600,2757.4,11.8,30.3,114,7470,70.5,24.53,12.1,1.21,bipod,1,2025-09-21-0074,0,
josh,9/15/2025,6.5PRC,700,2755.8,2.7,48.3,58,7958,70.5,24.77,5,1.08,prone_bag,1,2025-09-15-0560,1,
josh,10/5/2025,6.5PRC,1000,2761.7,19.3,30.3,163,7945,70.6,24.6,15.6,0.85,prone_bag,0.75,2025-10-05-0222,0,
not josh,9/3/2025,6.5PRC,500,2754.5,11.4,12.9,323,7507,70.7,24.67,5,1.08,bench,1,2025-09-03-0526,1,
not josh,9/8/2025,7mmPRC,600,2958.2,8,31.8,250,8128,70.7,24.63,6.9,0.84,offhand,1.5,2025-09-08-0321,0,
not josh,10/8/2025,7mmPRC,500,2987,12.5,8.7,315,7891,70.8,25.02,10.4,0.85,prone_bag,1.5,2025-10-08-0431,1,
not josh,9/5/2025,7mmPRC,400,3001.7,12.9,34.5,325,8524,71,24.85,20.9,0.8,bipod,1,2025-09-05-0234,1,
not josh,10/18/2025,7mmPRC,500,2997.7,10.3,39,292,8390,71.1,24.93,23.4,0.49,bipod,0.75,2025-10-18-0051,1,
not josh,9/7/2025,6.5PRC,900,2744.4,4.1,36.6,312,7718,71.1,25.27,16.5,0.87,bench,0.75,2025-09-07-0202,1,
not josh,10/21/2025,7mmPRC,600,2992.6,8.3,23.7,268,7984,69.2,24.79,21.7,0.92,bench,1,2025-10-21-0372,1,
josh,10/20/2025,6.5PRC,700,2768.7,7.7,42,240,7360,71.2,24.7,10.7,1.07,bipod,2,2025-10-20-0540,1,
josh,9/2/2025,6.5PRC,700,2763,9.1,18.6,136,7931,69.2,24.71,27.9,1.15,prone_bag,0.5,2025-09-02-0148,1,
not josh,11/2/2025,7mmPRC,900,2979.1,9.1,0.3,328,8263,71.4,24.74,38.2,0.67,bench,0.75,2025-11-02-0166,1,
josh,9/19/2025,7mmPRC,600,2993.9,6.6,24.3,349,8371,69.3,25.11,32.8,0.65,prone_bag,1,2025-09-19-0083,1,
josh,9/26/2025,7mmPRC,1000,2991.1,9.4,38.7,286,8019,71.5,24.81,34.9,1.11,prone_bag,1,2025-09-26-0473,0,
josh,10/22/2025,6.5PRC,1000,2768.9,9.6,44.7,247,7616,71.5,24.9,9.3,0.99,prone_bag,1,2025-10-22-0537,0,
not josh,9/5/2025,7mmPRC,400,3008.5,9.8,3.3,334,7985,71.6,24.74,14.9,1.13,offhand,0.5,2025-09-05-0141,0,
josh,9/11/2025,7mmPRC,700,3012.7,10.4,30.9,20,8465,71.6,24.72,22.7,0.8,prone_bag,0.5,2025-09-11-0391,1,
not josh,10/18/2025,6.5PRC,400,2757,12.4,21.6,66,7587,69.8,24.83,5.8,0.88,prone_bag,0.75,2025-10-18-0344,1,
josh,10/15/2025,6.5PRC,500,2755.3,8.8,34.2,295,7844,71.8,24.84,23.8,0.82,prone_bag,2,2025-10-15-0503,1,
josh,10/31/2025,7mmPRC,700,2987.4,12.6,2.1,244,7595,71.9,24.81,22.5,0.58,offhand,0.75,2025-10-31-0086,0,
josh,10/27/2025,6.5PRC,1000,2758.6,9.7,36.9,182,7802,71.9,24.7,5,1,prone_bag,1,2025-10-27-0316,0,
josh,10/21/2025,6.5PRC,600,2720.7,8.6,33,262,7694,72,24.83,32.9,0.89,bench,2,2025-10-21-0308,1,
josh,9/3/2025,7mmPRC,900,2967.3,7.3,9.3,133,8272,72.1,24.62,15.3,1.03,tripod,2,2025-09-03-0499,1,
josh,10/3/2025,7mmPRC,700,3011.7,7.9,20.7,57,8631,69.9,25.24,22.5,0.77,bipod,1.5,2025-10-03-0383,1,
josh,10/25/2025,6.5PRC,400,2745.2,9.2,23.7,282,7603,70.4,25.09,15.4,1.05,bipod,1,2025-10-25-0179,1,
josh,10/18/2025,6.5PRC,400,2722.3,10.2,18.3,281,7937,70.5,24.83,27.6,1,bipod,0.75,2025-10-18-0026,1,
josh,10/13/2025,6.5PRC,400,2758,1.7,38.7,29,7253,72.7,24.62,30.5,1.59,prone_bag,2,2025-10-13-0400,0,
josh,9/20/2025,6.5PRC,600,2747.8,9,26.4,177,8024,70.5,24.91,17.6,0.84,bipod,0.5,2025-09-20-0447,1,
josh,9/4/2025,6.5PRC,1000,2740.6,10.7,18.3,279,7458,71.1,24.96,29.5,0.83,bipod,1,2025-09-04-0518,1,
not josh,11/4/2025,7mmPRC,500,2999.8,16.8,19.5,198,8062,71.5,24.96,14.6,0.77,tripod,2,2025-11-04-0164,1,
josh,10/10/2025,7mmPRC,600,2994,12.7,36.6,17,8159,73.1,24.97,19.1,0.71,bipod,0.75,2025-10-10-0477,1,
josh,9/8/2025,7mmPRC,600,2983.6,9,17.7,98,7761,71.7,24.95,28.4,0.54,bipod,2,2025-09-08-0189,1,
not josh,9/25/2025,7mmPRC,500,2988.9,11.8,34.5,199,8263,73.3,24.9,32,0.91,prone_bag,0.75,2025-09-25-0063,0,
josh,10/13/2025,7mmPRC,500,2981.5,6.4,51.3,309,8289,73.3,24.7,18.1,0.71,bipod,0.5,2025-10-13-0081,1,
josh,9/8/2025,6.5PRC,400,2756.5,7.2,24.9,144,7926,72.4,24.64,16.5,0.41,bipod,0.5,2025-09-08-0225,1,
josh,9/17/2025,7mmPRC,300,3004.6,11.8,42.3,166,8307,73.6,24.74,14,1.19,prone_bag,2,2025-09-17-0168,1,
josh,9/9/2025,7mmPRC,600,2976.5,10.4,8.4,101,8328,73.6,24.7,10.3,0.76,bench,0.5,2025-09-09-0488,1,
josh,9/20/2025,6.5PRC,800,2759.4,10.8,15.3,190,7404,72.5,24.87,43.8,1.03,bench,1.5,2025-09-20-0045,1,
josh,10/8/2025,7mmPRC,900,2995.1,4.9,34.2,62,7926,73.6,24.76,15.6,1.17,bipod,2,2025-10-08-0481,1,
josh,10/2/2025,7mmPRC,600,3001.3,13.1,11.7,59,8094,73.7,24.77,15.1,1.05,tripod,1,2025-10-02-0576,1,
josh,10/24/2025,6.5PRC,300,2743.9,5.1,28.5,184,7869,72.7,24.69,39,0.87,prone_bag,1.5,2025-10-24-0382,1,
josh,10/19/2025,7mmPRC,1000,2996.1,11.3,39.3,0,8039,73.9,25.07,5,0.97,prone_bag,0.75,2025-10-19-0364,0,
josh,9/13/2025,6.5PRC,800,2744.2,8.7,48,26,8100,74.2,24.75,17.1,0.66,bipod,1,2025-09-13-0412,1,
josh,10/28/2025,7mmPRC,700,2970,16.5,12.9,353,8494,74.6,24.6,24.9,0.83,tripod,0.5,2025-10-28-0190,0,
josh,11/1/2025,6.5PRC,900,2739,6.4,36.9,202,8006,74.6,24.81,27.8,0.6,prone_bag,0.75,2025-11-01-0213,1,
josh,9/20/2025,6.5PRC,400,2751.9,9.6,11.7,146,7789,74.9,24.59,16.3,0.67,bench,1,2025-09-20-0464,1,
josh,10/27/2025,6.5PRC,900,2765.1,14.1,13.8,222,8468,74.9,24.99,20.3,0.91,prone_bag,0.75,2025-10-27-0095,1,
josh,10/8/2025,6.5PRC,700,2758.5,12.4,19.8,228,7661,72.9,24.76,7.2,0.72,bipod,0.75,2025-10-08-0004,1,
josh,9/17/2025,7mmPRC,500,3008.6,9.7,20.4,48,8427,73,24.73,23.3,1.09,bipod,1,2025-09-17-0309,1,
josh,10/4/2025,6.5PRC,700,2735.6,11.9,27.9,101,8025,73.1,24.66,5,0.84,prone_bag,0.75,2025-10-04-0185,1,
josh,9/2/2025,7mmPRC,400,2973.2,11,11.1,305,8623,75.4,24.86,21.6,0.81,tripod,1,2025-09-02-0125,1,
josh,9/23/2025,6.5PRC,300,2742,10.4,27.3,98,7687,73.6,25.06,29.7,0.89,bipod,1.5,2025-09-23-0435,1,
josh,10/8/2025,6.5PRC,800,2744.5,6.4,30.6,185,7553,76.5,24.54,21.3,1.18,bipod,0.75,2025-10-08-0474,1,
josh,9/23/2025,7mmPRC,700,2981.5,11.9,19.8,219,8053,73.6,24.81,22.8,0.85,bipod,1,2025-09-23-0057,1,
josh,9/7/2025,6.5PRC,600,2754.5,10.7,20.7,225,7885,75,24.78,23.2,0.91,bench,1,2025-09-07-0381,1,
not josh,10/28/2025,6.5PRC,500,2758.2,8.2,4.8,211,8000,76.8,24.79,5,1.09,bipod,1,2025-10-28-0160,1,
not josh,9/8/2025,6.5PRC,700,2771.8,10.7,20.7,75,8015,75.1,24.69,22.2,1.14,bipod,1.5,2025-09-08-0421,1,
josh,10/12/2025,7mmPRC,400,2972.4,5.7,36.3,205,7623,76.9,24.79,8.1,0.73,bench,0.75,2025-10-12-0129,1,
josh,10/10/2025,7mmPRC,500,2967.7,10.4,31.8,229,7665,77,24.95,31.3,0.97,bipod,0.75,2025-10-10-0386,1,
josh,10/16/2025,7mmPRC,800,2982.2,9.2,10.2,241,8328,77,24.78,18,0.92,bipod,2,2025-10-16-0422,1,
josh,9/15/2025,7mmPRC,900,2998.6,7.1,15.9,238,8229,75.1,25.26,5,0.91,tripod,0.75,2025-09-15-0365,1,
josh,10/4/2025,7mmPRC,800,2977.3,9,32.1,275,8142,77.3,24.71,40.7,1.27,prone_bag,1,2025-10-04-0527,0,
not josh,9/1/2025,6.5PRC,300,2757.8,7.5,2.7,177,8105,77.4,25.01,15.3,0.92,offhand,1,2025-09-01-0184,1,
josh,10/25/2025,7mmPRC,700,2976.6,7.6,20.4,78,8781,76.6,24.61,23.5,0.77,prone_bag,1,2025-10-25-0031,1,
josh,10/28/2025,7mmPRC,800,2958.7,7.6,19.2,346,8047,76.6,24.97,20.8,0.78,bench,0.5,2025-10-28-0274,1,
josh,9/16/2025,7mmPRC,500,3003.6,6.5,23.1,181,7653,76.8,25.21,20.8,0.42,bench,0.75,2025-09-16-0333,1,
josh,9/14/2025,6.5PRC,400,2744.3,9.9,47.1,245,7716,78.6,24.81,24.2,0.96,bipod,0.75,2025-09-14-0341,1,
josh,10/27/2025,7mmPRC,400,2993.2,8.1,17.7,48,8126,77.2,24.65,19.4,0.89,bench,1,2025-10-27-0256,1,
josh,10/30/2025,7mmPRC,900,2975.7,15.7,51,70,8689,79.1,24.78,31.7,0.83,bipod,2,2025-10-30-0561,1,
not josh,9/24/2025,6.5PRC,800,2758.6,9.7,0.6,176,7403,79.2,24.64,13,0.92,tripod,2,2025-09-24-0248,1,
josh,9/5/2025,7mmPRC,800,2986.8,6.9,40.5,309,8150,79.3,24.81,20.4,0.83,bench,1,2025-09-05-0076,1,
josh,10/24/2025,7mmPRC,700,2994.8,14.9,15.9,72,8471,77.4,24.94,10.4,1.13,bench,0.5,2025-10-24-0284,1,
not josh,10/16/2025,7mmPRC,400,2987.2,4.2,12.9,278,8268,79.8,25.36,14.1,1.14,bipod,0.5,2025-10-16-0072,1,
josh,9/28/2025,6.5PRC,800,2763,9.3,31.2,92,7726,79.8,24.93,8.1,0.98,prone_bag,1.5,2025-09-28-0235,1,
josh,10/2/2025,6.5PRC,600,2779.9,8.9,47.7,257,7752,80,25.14,9.8,0.85,bipod,0.75,2025-10-02-0494,1,
not josh,9/6/2025,6.5PRC,400,2744.2,9,36,266,7961,80.1,24.77,13,0.91,prone_bag,1,2025-09-06-0014,1,
josh,9/2/2025,6.5PRC,600,2737.7,13.1,29.7,226,7404,78.1,25.25,30,1.24,bench,1,2025-09-02-0216,1,
josh,10/16/2025,7mmPRC,900,3000.6,10.8,35.1,15,7606,80.3,24.88,30.1,0.93,bench,1,2025-10-16-0351,1,
not josh,10/29/2025,7mmPRC,400,3005.4,8,30.3,62,8386,80.6,24.78,5,0.86,bipod,2,2025-10-29-0495,1,
josh,9/20/2025,7mmPRC,600,2991.6,12.6,47.4,234,8427,80.7,24.95,37.1,1.22,bipod,1,2025-09-20-0468,0,
josh,10/15/2025,6.5PRC,900,2735.8,3.4,25.8,271,7897,78.1,25.11,35.7,0.75,prone_bag,1,2025-10-15-0158,1,
josh,9/21/2025,7mmPRC,500,2989.9,3.8,29.4,12,8064,78.9,24.92,31.7,0.65,bipod,1,2025-09-21-0442,1,
josh,10/26/2025,7mmPRC,400,3002.7,6.7,9,352,7669,81.3,24.72,12.5,1.18,bipod,1.5,2025-10-26-0197,1,
josh,10/2/2025,7mmPRC,300,3002.7,10,13.5,358,8170,81.4,25.14,34.8,1.01,prone_bag,1.5,2025-10-02-0353,1,
not josh,11/1/2025,6.5PRC,400,2745.4,7.7,13.2,205,7702,81.4,25.17,16.6,1.33,prone_bag,1,2025-11-01-0056,0,
josh,9/10/2025,6.5PRC,700,2737.2,4.5,32.7,260,8342,81.4,24.47,27.2,1.23,bench,0.5,2025-09-10-0126,0,
josh,10/2/2025,7mmPRC,1000,2986.7,11.3,23.7,247,8541,79.7,25.04,32.1,0.64,bipod,1,2025-10-02-0394,1,
josh,10/28/2025,6.5PRC,700,2752.4,7.6,17.4,129,7785,80.2,25.16,24.5,0.87,bench,0.75,2025-10-28-0241,1,
josh,10/22/2025,6.5PRC,900,2768.2,13,28.2,231,7849,80.7,25.04,31.6,1.04,bipod,1,2025-10-22-0592,1,
not josh,10/10/2025,6.5PRC,500,2764.1,6.4,17.1,276,7530,81.6,24.63,25.6,1.14,bipod,1,2025-10-10-0525,1,
not josh,11/2/2025,6.5PRC,800,2766,9.4,40.8,200,7667,81.8,24.83,22.6,1.26,bipod,0.75,2025-11-02-0035,0,
josh,10/30/2025,6.5PRC,600,2725.2,8.2,31.2,287,7325,82.1,24.87,28.5,0.84,prone_bag,0.75,2025-10-30-0023,1,
not josh,10/25/2025,6.5PRC,1000,2738,5.9,41.7,291,7566,82.2,24.91,23.3,0.89,prone_bag,1.5,2025-10-25-0454,0,
josh,9/13/2025,6.5PRC,400,2766.8,12.7,17.7,266,7646,81.7,25.09,5,1.06,bipod,0.5,2025-09-13-0597,1,
josh,10/16/2025,7mmPRC,700,2994.9,9.4,29.4,86,8153,81.8,24.71,31.3,0.72,bipod,0.75,2025-10-16-0071,1,
josh,11/3/2025,7mmPRC,700,3007.3,8.6,27.6,24,8897,82.7,24.74,14.1,0.78,bench,1,2025-11-03-0097,1,
josh,9/17/2025,7mmPRC,600,2952.3,5.9,18.3,190,8018,82.8,24.68,28.8,0.85,prone_bag,2,2025-09-17-0312,1,
josh,10/1/2025,7mmPRC,800,3004.7,7,15.9,144,8313,82.9,25.03,7.5,0.8,bipod,0.5,2025-10-01-0362,1,
josh,11/3/2025,7mmPRC,300,2999.5,5.7,21,189,8165,83.9,24.73,5,0.95,prone_bag,1,2025-11-03-0159,1,
josh,10/22/2025,7mmPRC,800,3004.1,9.6,37.5,230,7496,83.9,24.88,30.8,0.61,prone_bag,1.5,2025-10-22-0109,1,
josh,9/27/2025,6.5PRC,700,2748.2,11.2,20.7,240,7605,84.1,25.01,12.4,1.06,prone_bag,0.5,2025-09-27-0238,1,
josh,9/1/2025,7mmPRC,400,2985.8,14.1,12,184,7917,84.2,24.92,41.2,0.76,prone_bag,1,2025-09-01-0429,1,
josh,10/11/2025,7mmPRC,500,2974.5,6.6,26.7,337,8564,84.2,24.96,22.9,1,bipod,0.5,2025-10-11-0209,1,
not josh,9/8/2025,6.5PRC,700,2741.9,7.9,28.2,38,8334,84.4,24.87,24.6,1.11,bipod,1.5,2025-09-08-0306,1,
josh,11/3/2025,7mmPRC,800,2983.3,12.3,13.5,149,8024,84.5,24.97,16.4,0.91,bipod,0.5,2025-11-03-0317,1,
josh,10/25/2025,7mmPRC,500,2986.3,7.6,24.9,267,7811,85.6,25.02,23,0.58,prone_bag,1,2025-10-25-0119,1,
josh,9/15/2025,7mmPRC,900,2997.2,5.4,23.1,185,8701,85.7,25,23.4,0.65,prone_bag,0.5,2025-09-15-0373,1,
josh,10/6/2025,7mmPRC,400,2989.2,10.5,18.6,120,7837,86,25.11,28.8,0.77,prone_bag,1,2025-10-06-0455,1,
not josh,10/19/2025,7mmPRC,700,2989.1,6,42.9,152,8347,86.9,24.77,14.5,1.2,bipod,1,2025-10-19-0598,0,
josh,9/1/2025,6.5PRC,700,2754.5,4.4,12.6,92,8205,87.4,24.56,16.7,0.96,tripod,0.5,2025-09-01-0254,1,
josh,11/3/2025,7mmPRC,500,2995.5,2,37.2,22,8135,87.5,24.45,29.2,0.83,prone_bag,0.75,2025-11-03-0453,1,
josh,10/25/2025,7mmPRC,600,3002.1,8.2,33,320,8780,89.4,24.55,10.7,1.15,bipod,0.75,2025-10-25-0080,1,
josh,10/16/2025,6.5PRC,300,2762,11.6,45,37,7956,89.5,24.98,5,1.47,bench,0.75,2025-10-16-0475,0,
not josh,9/20/2025,6.5PRC,700,2767.3,4.4,30.6,216,7959,89.5,24.48,36.1,0.84,bipod,1,2025-09-20-0470,1,
not josh,10/4/2025,6.5PRC,400,2749.3,12.3,42.6,321,7910,89.6,24.98,17.7,1.12,prone_bag,0.5,2025-10-04-0396,1,
josh,10/1/2025,7mmPRC,400,2998.2,7.8,21,129,8495,90.1,25.1,28.1,0.86,bipod,0.5,2025-10-01-0572,1,
not josh,9/16/2025,7mmPRC,600,2982.1,6.5,24.3,297,8688,90.3,24.64,25.3,0.96,bipod,1,2025-09-16-0358,1,
josh,11/3/2025,7mmPRC,900,3005.7,6.1,15.3,18,7769,90.5,24.86,24.8,0.58,prone_bag,0.5,2025-11-03-0342,1,
josh,9/17/2025,6.5PRC,1000,2754.6,9.6,28.2,233,8385,91.2,24.81,21.6,1.17,prone_bag,1,2025-09-17-0030,1,
not josh,11/1/2025,6.5PRC,500,2760.7,13.9,22.8,262,7541,91.6,24.49,5.7,1.06,bench,0.75,2025-11-01-0599,1,
not josh,9/19/2025,6.5PRC,600,2763.5,9.7,3,148,7359,91.9,24.54,9,1.32,bipod,0.5,2025-09-19-0016,0,
josh,9/18/2025,7mmPRC,700,2972.5,10.4,11.7,150,8023,92.4,24.75,12.6,1.08,bipod,2,2025-09-18-0490,0,
josh,10/15/2025,7mmPRC,600,3007,13.2,24.6,158,7750,94.3,24.88,16.8,1.04,bench,2,2025-10-15-0587,1,
not josh,11/1/2025,7mmPRC,300,2989.4,10.8,17.4,5,7915,95,24.66,21,0.55,bipod,0.75,2025-11-01-0290,1,
not josh,10/14/2025,6.5PRC,400,2744.7,14.7,20.1,129,7784,95,24.76,25.6,1.08,bipod,1.5,2025-10-14-0574,1,
josh,9/12/2025,6.5PRC,600,2770.9,10.9,26.1,73,7721,95,25.06,12.8,0.9,bipod,0.5,2025-09-12-0411,1,
josh,9/14/2025,6.5PRC,700,2761.8,11.6,24,13,7705,95,24.64,23,0.8,bipod,1,2025-09-14-0300,1,
josh,9/7/2025,6.5PRC,700,2755.9,8.3,7.8,321,8287,95,24.89,6.8,0.8,bench,0.5,2025-09-07-0374,1,
josh,10/22/2025,6.5PRC,1000,2747,10.3,18,264,7883,95,24.78,15.6,1.15,bipod,1.5,2025-10-22-0426,1,
